id,name,poster,average_rating
tt0107692,Ninja Scroll,"https://m.media-amazon.com/images/M/MV5BNmEwYmQwOWYtOWE4Yy00ZWIxLTgwMGEtYTNiNDVlODcwYWVkXkEyXkFqcGdeQXVyNTAyODkwOQ@@._V1_UX67_CR0,0,67,98_AL_.jpg",7.8
tt0106364,Batman: Mask of the Phantasm,"https://m.media-amazon.com/images/M/MV5BYTRiMWM3MGItNjAxZC00M2E3LThhODgtM2QwOGNmZGU4OWZhXkEyXkFqcGdeQXVyNjExODE1MDc@._V1_UX67_CR0,0,67,98_AL_.jpg",7.8
tt0327597,Coraline,https://m.media-amazon.com/images/S/sash/4FyxwxECzL-U1J8.png,7.7
tt0096438,Who Framed Roger Rabbit,https://m.media-amazon.com/images/S/sash/4FyxwxECzL-U1J8.png,7.7
tt0158983,"South Park: Bigger, Longer & Uncut",https://m.media-amazon.com/images/S/sash/4FyxwxECzL-U1J8.png,7.7
tt2013293,The Wind Rises,https://m.media-amazon.com/images/S/sash/4FyxwxECzL-U1J8.png,7.7
tt4302938,Kubo and the Two Strings,https://m.media-amazon.com/images/S/sash/4FyxwxECzL-U1J8.png,7.7
tt0032455,Fantasia,https://m.media-amazon.com/images/S/sash/4FyxwxECzL-U1J8.png,7.7
tt0104652,Porco Rosso,https://m.media-amazon.com/images/S/sash/4FyxwxECzL-U1J8.png,7.7
tt0243017,Waking Life,https://m.media-amazon.com/images/S/sash/4FyxwxECzL-U1J8.png,7.7
tt3398268,When Marnie Was There,https://m.media-amazon.com/images/S/sash/4FyxwxECzL-U1J8.png,7.7
tt0286244,The Triplets of Belleville,https://m.media-amazon.com/images/S/sash/4FyxwxECzL-U1J8.png,7.7
tt0808506,The Girl Who Leapt Through Time,https://m.media-amazon.com/images/S/sash/4FyxwxECzL-U1J8.png,7.7
tt3901826,The Breadwinner,https://m.media-amazon.com/images/S/sash/4FyxwxECzL-U1J8.png,7.7
tt3521164,Moana,https://m.media-amazon.com/images/S/sash/4FyxwxECzL-U1J8.png,7.6
tt1488589,Guillermo del Toro's Pinocchio,https://m.media-amazon.com/images/S/sash/4FyxwxECzL-U1J8.png,7.6
tt0097757,The Little Mermaid,https://m.media-amazon.com/images/S/sash/4FyxwxECzL-U1J8.png,7.6
tt0441773,Kung Fu Panda,https://m.media-amazon.com/images/S/sash/4FyxwxECzL-U1J8.png,7.6
tt0120762,Mulan,https://m.media-amazon.com/images/S/sash/4FyxwxECzL-U1J8.png,7.6
tt7979580,The Mitchells vs the Machines,https://m.media-amazon.com/images/S/sash/4FyxwxECzL-U1J8.png,7.6
tt0876563,Ponyo,https://m.media-amazon.com/images/S/sash/4FyxwxECzL-U1J8.png,7.6
tt0029583,Snow White and the Seven Dwarfs,https://m.media-amazon.com/images/S/sash/4FyxwxECzL-U1J8.png,7.6
tt0078480,Watership Down,https://m.media-amazon.com/images/S/sash/4FyxwxECzL-U1J8.png,7.6
tt0216651,Vampire Hunter D: Bloodlust,https://m.media-amazon.com/images/S/sash/4FyxwxECzL-U1J8.png,7.6
tt0079833,Lupin III: The Castle of Cagliostro,https://m.media-amazon.com/images/S/sash/4FyxwxECzL-U1J8.png,7.6
tt0923811,Evangelion: 1.0 You Are (Not) Alone,https://m.media-amazon.com/images/S/sash/4FyxwxECzL-U1J8.png,7.6
tt9426210,Weathering with You,https://m.media-amazon.com/images/S/sash/4FyxwxECzL-U1J8.png,7.5
tt0268380,Ice Age,https://m.media-amazon.com/images/S/sash/4FyxwxECzL-U1J8.png,7.5
tt0983213,5 Centimeters per Second,"https://m.media-amazon.com/images/M/MV5BODJhZDU1MDYtMDQ0NS00N2JmLWI2ZDAtMGNmN2RmNWJhNzQ5L2ltYWdlXkEyXkFqcGdeQXVyNjY1OTY4MTk@._V1_UY98_CR1,0,67,98_AL_.jpg",7.5
tt0312004,The Curse of the Were-Rabbit,"https://m.media-amazon.com/images/M/MV5BZmExY2Y3NGQtMzg5ZC00MGY1LTk3ZjktNWYyYzYwMTA1MTUwXkEyXkFqcGdeQXVyNjk1Njg5NTA@._V1_UY98_CR0,0,67,98_AL_.jpg",7.5
tt0032910,Pinocchio,"https://m.media-amazon.com/images/M/MV5BMTU4Mzk3ODIyOF5BMl5BanBnXkFtZTgwODgyNzk2NjE@._V1_UX67_CR0,0,67,98_AL_.jpg",7.5
tt0110357,The Lion King,"https://m.media-amazon.com/images/M/MV5BYTYxNGMyZTYtMjE3MS00MzNjLWFjNmYtMDk3N2FmM2JiM2M1XkEyXkFqcGdeQXVyNjY5NDU4NzI@._V1_UX67_CR0,0,67,98_AL_.jpg",8.5
tt4633694,Spider-Man: Into the Spider-Verse,"https://m.media-amazon.com/images/M/MV5BMjMwNDkxMTgzOF5BMl5BanBnXkFtZTgwNTkwNTQ3NjM@._V1_UX67_CR0,0,67,98_AL_.jpg",8.4
tt5311514,Your Name.,https://m.media-amazon.com/images/S/sash/4FyxwxECzL-U1J8.png,8.4
tt0910970,WALLï¿½E,https://m.media-amazon.com/images/S/sash/4FyxwxECzL-U1J8.png,8.4
tt2380307,Coco,https://m.media-amazon.com/images/S/sash/4FyxwxECzL-U1J8.png,8.4
tt0114709,Toy Story,https://m.media-amazon.com/images/S/sash/4FyxwxECzL-U1J8.png,8.3
tt1049413,Up,https://m.media-amazon.com/images/S/sash/4FyxwxECzL-U1J8.png,8.3
tt0119698,Princess Mononoke,https://m.media-amazon.com/images/S/sash/4FyxwxECzL-U1J8.png,8.3
tt0266543,Finding Nemo,https://m.media-amazon.com/images/S/sash/4FyxwxECzL-U1J8.png,8.2
tt0347149,Howl's Moving Castle,https://m.media-amazon.com/images/S/sash/4FyxwxECzL-U1J8.png,8.2
tt11032374,Demon Slayer the Movie: Mugen Train,https://m.media-amazon.com/images/S/sash/4FyxwxECzL-U1J8.png,8.2
tt4729430,Klaus,https://m.media-amazon.com/images/S/sash/4FyxwxECzL-U1J8.png,8.2
tt0382932,Ratatouille,https://m.media-amazon.com/images/S/sash/4FyxwxECzL-U1J8.png,8.1
tt2096673,Inside Out,https://m.media-amazon.com/images/S/sash/4FyxwxECzL-U1J8.png,8.1
tt0892769,How to Train Your Dragon,https://m.media-amazon.com/images/S/sash/4FyxwxECzL-U1J8.png,8.1
tt0198781,"Monsters, Inc.",https://m.media-amazon.com/images/S/sash/4FyxwxECzL-U1J8.png,8.1
tt0096283,My Neighbor Totoro,https://m.media-amazon.com/images/S/sash/4FyxwxECzL-U1J8.png,8.1
tt0129167,The Iron Giant,https://m.media-amazon.com/images/S/sash/4FyxwxECzL-U1J8.png,8.1
tt0169858,Neon Genesis Evangelion: The End of Evangelion,https://m.media-amazon.com/images/S/sash/4FyxwxECzL-U1J8.png,8.1
tt0978762,Mary and Max,https://m.media-amazon.com/images/S/sash/4FyxwxECzL-U1J8.png,8.1
tt2140203,Wolf Children,https://m.media-amazon.com/images/S/sash/4FyxwxECzL-U1J8.png,8.1
tt2948356,Zootopia,https://m.media-amazon.com/images/S/sash/4FyxwxECzL-U1J8.png,8.0
tt0317705,The Incredibles,https://m.media-amazon.com/images/S/sash/4FyxwxECzL-U1J8.png,8.0
tt0103639,Aladdin,https://m.media-amazon.com/images/S/sash/4FyxwxECzL-U1J8.png,8.0
tt2948372,Soul,https://m.media-amazon.com/images/S/sash/4FyxwxECzL-U1J8.png,8.0
tt0101414,Beauty and the Beast,https://m.media-amazon.com/images/S/sash/4FyxwxECzL-U1J8.png,8.0
tt0156887,Perfect Blue,https://m.media-amazon.com/images/S/sash/4FyxwxECzL-U1J8.png,8.0
tt0094625,Akira,https://m.media-amazon.com/images/S/sash/4FyxwxECzL-U1J8.png,8.0
tt0092067,Castle in the Sky,https://m.media-amazon.com/images/S/sash/4FyxwxECzL-U1J8.png,8.0
tt5198068,Wolfwalkers,https://m.media-amazon.com/images/S/sash/4FyxwxECzL-U1J8.png,8.0
tt2576852,The Tale of The Princess Kaguya,https://m.media-amazon.com/images/S/sash/4FyxwxECzL-U1J8.png,8.0
tt1865505,Song of the Sea,https://m.media-amazon.com/images/S/sash/4FyxwxECzL-U1J8.png,8.0
tt0808417,Persepolis,https://m.media-amazon.com/images/S/sash/4FyxwxECzL-U1J8.png,8.0
tt0126029,Shrek,https://m.media-amazon.com/images/S/sash/4FyxwxECzL-U1J8.png,7.9
tt0432283,Fantastic Mr. Fox,https://m.media-amazon.com/images/S/sash/4FyxwxECzL-U1J8.png,7.9
tt0120363,Toy Story 2,https://m.media-amazon.com/images/S/sash/4FyxwxECzL-U1J8.png,7.9
tt0107688,The Nightmare Before Christmas,https://m.media-amazon.com/images/S/sash/4FyxwxECzL-U1J8.png,7.9
tt0113824,Whisper of the Heart,https://m.media-amazon.com/images/S/sash/4FyxwxECzL-U1J8.png,7.9
tt5104604,Isle of Dogs,"https://m.media-amazon.com/images/M/MV5BZDQwOWQ2NmUtZThjZi00MGM0LTkzNDctMzcyMjcyOGI1OGRkXkEyXkFqcGdeQXVyMTA3MDk2NDg2._V1_UX67_CR0,0,67,98_AL_.jpg",7.8
tt1646971,How to Train Your Dragon 2,"https://m.media-amazon.com/images/M/MV5BMzMwMTAwODczN15BMl5BanBnXkFtZTgwMDk2NDA4MTE@._V1_UX67_CR0,0,67,98_AL_.jpg",7.8
tt3262342,Loving Vincent,"https://m.media-amazon.com/images/M/MV5BMTU3NjE2NjgwN15BMl5BanBnXkFtZTgwNDYzMzEwMzI@._V1_UX67_CR0,0,67,98_AL_.jpg",7.8
tt5491994,Planet Earth II,"https://m.media-amazon.com/images/M/MV5BMGZmYmQ5NGQtNWQ1MC00NWZlLTg0MjYtYjJjMzQ5ODgxYzRkXkEyXkFqcGdeQXVyNjAwNDUxODI@._V1_UY67_CR1,0,45,67_AL_.jpg",9.4
tt0795176,Planet Earth,"https://m.media-amazon.com/images/M/MV5BMzMyYjg0MGMtMTlkMy00OGFiLWFiNTYtYmFmZWNmMDFlMzkwXkEyXkFqcGdeQXVyNjAwNDUxODI@._V1_UY67_CR1,0,45,67_AL_.jpg",9.4
tt0185906,Band of Brothers,"https://m.media-amazon.com/images/M/MV5BMTI3ODc2ODc0M15BMl5BanBnXkFtZTYwMjgzNjc3._V1_UX45_CR0,0,45,67_AL_.jpg",9.4
tt7366338,Chernobyl,"https://m.media-amazon.com/images/M/MV5BNTdkN2QwMDItMDVhNS00ZjFiLWEzNTctMzY5ODQzYWNkMDllXkEyXkFqcGdeQXVyMTMzNDExODE5._V1_UY67_CR2,0,45,67_AL_.jpg",9.3
tt0417299,Avatar: The Last Airbender,"https://m.media-amazon.com/images/M/MV5BODc5YTBhMTItMjhkNi00ZTIxLWI0YjAtNTZmOTY0YjRlZGQ0XkEyXkFqcGdeQXVyODUwNjEzMzg@._V1_UY67_CR0,0,45,67_AL_.jpg",9.2
tt0141842,The Sopranos,"https://m.media-amazon.com/images/M/MV5BZGJjYzhjYTYtMDBjYy00OWU1LTg5OTYtNmYwOTZmZjE3ZDdhXkEyXkFqcGdeQXVyNTAyODkwOQ@@._V1_UY67_CR1,0,45,67_AL_.jpg",9.2
tt2395695,Cosmos: A Spacetime Odyssey,"https://m.media-amazon.com/images/M/MV5BZTk5OTQyZjYtMDk3Yy00YjhmLWE2MTYtZmY4NTg1YWUzZTQ0XkEyXkFqcGdeQXVyNTA4NzY1MzY@._V1_UY67_CR0,0,45,67_AL_.jpg",9.2
tt9253866,Our Planet,"https://m.media-amazon.com/images/M/MV5BZmM2OWEyN2EtZWY2NS00ZDA3LWFlNTAtNzUzMGQwZWVlZmE4XkEyXkFqcGdeQXVyNjAwNDUxODI@._V1_UY67_CR1,0,45,67_AL_.jpg",9.2
tt0944947,Game of Thrones,"https://m.media-amazon.com/images/M/MV5BYTRiNDQwYzAtMzVlZS00NTI5LWJjYjUtMzkwNTUzMWMxZTllXkEyXkFqcGdeQXVyNDIzMzcwNjc@._V1_UY67_CR2,0,45,67_AL_.jpg",9.1
tt0071075,The World at War,"https://m.media-amazon.com/images/M/MV5BZTIwOWEyMjctMjQwNS00ODZiLThmMWEtYWQ1OWFiYzQ2OWYwXkEyXkFqcGdeQXVyNjAwNDUxODI@._V1_UX45_CR0,0,45,67_AL_.jpg",9.1
tt2861424,Rick and Morty,"https://m.media-amazon.com/images/M/MV5BZjRjOTFkOTktZWUzMi00YzMyLThkMmYtMjEwNmQyNzliYTNmXkEyXkFqcGdeQXVyNzQ1ODk3MTQ@._V1_UX45_CR0,0,45,67_AL_.jpg",9.1
tt1355642,Fullmetal Alchemist: Brotherhood,"https://m.media-amazon.com/images/M/MV5BZmEzN2YzOTItMDI5MS00MGU4LWI1NWQtOTg5ZThhNGQwYTEzXkEyXkFqcGdeQXVyNTA4NzY1MzY@._V1_UY67_CR1,0,45,67_AL_.jpg",9.0
tt8420184,The Last Dance,"https://m.media-amazon.com/images/M/MV5BY2U1ZTU4OWItNGU2MC00MTg1LTk4NzUtYTk3ODhjYjI0MzlmXkEyXkFqcGdeQXVyMTkxNjUyNQ@@._V1_UX45_CR0,0,45,67_AL_.jpg",9.0
tt1533395,Life,"https://m.media-amazon.com/images/M/MV5BNjJhMTAxZjYtNWZkYy00Nzg1LTlkYjItZTNhZWRjNzkxMDg3XkEyXkFqcGdeQXVyNTA4NzY1MzY@._V1_UY67_CR1,0,45,67_AL_.jpg",9.0
tt0052520,The Twilight Zone,"https://m.media-amazon.com/images/M/MV5BNTAzMDI5MzgtMGNkMC00MzllLWJhNjctNjA1NmViNGUxMzYxXkEyXkFqcGdeQXVyMTQxNzMzNDI@._V1_UX45_CR0,0,45,67_AL_.jpg",9.0
tt7678620,Bluey,"https://m.media-amazon.com/images/M/MV5BMDBiNDI3YjQtNDdkNS00ZDliLTlmMmQtMDE4ZWM1ZGIyNjljXkEyXkFqcGdeQXVyNTE1NjY5Mg@@._V1_UX45_CR0,0,45,67_AL_.jpg",9.0
tt12392504,Scam 1992: The Harshad Mehta Story,"https://m.media-amazon.com/images/M/MV5BNjgxZTMxNmQtZGFkZS00NDUyLTllMzYtOTE0ZjdlMjM1ZWU0XkEyXkFqcGdeQXVyMTAyMTE1MDA1._V1_UX45_CR0,0,45,67_AL_.jpg",8.9
tt2560140,Attack on Titan,"https://m.media-amazon.com/images/M/MV5BNDFjYTIxMjctYTQ2ZC00OGQ4LWE3OGYtNDdiMzNiNDZlMDAwXkEyXkFqcGdeQXVyNzI3NjY3NjQ@._V1_UY67_CR2,0,45,67_AL_.jpg",8.9
tt11126994,Arcane,"https://m.media-amazon.com/images/M/MV5BYmU5OWM5ZTAtNjUzOC00NmUyLTgyOWMtMjlkNjdlMDAzMzU1XkEyXkFqcGdeQXVyMDM2NDM2MQ@@._V1_UY67_CR0,0,45,67_AL_.jpg",8.9
tt0386676,The Office,"https://m.media-amazon.com/images/M/MV5BMDNkOTE4NDQtMTNmYi00MWE0LWE4ZTktYTc0NzhhNWIzNzJiXkEyXkFqcGdeQXVyMzQ2MDI5NjU@._V1_UX45_CR0,0,45,67_AL_.jpg",8.9
tt1806234,Human Planet,"https://m.media-amazon.com/images/M/MV5BOTJmZjcwZDctODRkYi00MTJkLTgwYTYtMmUxYTgxOGU4ODg2XkEyXkFqcGdeQXVyMTUyNjc3NDQ4._V1_UX45_CR0,0,45,67_AL_.jpg",8.9
tt0303461,Firefly,"https://m.media-amazon.com/images/M/MV5BOTcwNzkwMDItZmM1OC00MmQ2LTgxYjgtOTNiNDgxZDAxMjk0XkEyXkFqcGdeQXVyNDQ0MTYzMDA@._V1_UX45_CR0,0,45,67_AL_.jpg",8.9
tt2092588,Frozen Planet,"https://m.media-amazon.com/images/M/MV5BYjdlMGYwYWQtODVlMi00Y2I0LThiYzgtYTM0YmU5NzdhYTI0XkEyXkFqcGdeQXVyNjAwNDUxODI@._V1_UX45_CR0,0,45,67_AL_.jpg",8.9
tt10541088,Clarkson's Farm,"https://m.media-amazon.com/images/M/MV5BYWI5M2YyYmYtMzBkNy00YWYyLThjZGUtYzEyOTQxZDQyYmVhXkEyXkFqcGdeQXVyNjAwNDUxODI@._V1_UX45_CR0,0,45,67_AL_.jpg",8.9
tt0098769,The Civil War,"https://m.media-amazon.com/images/M/MV5BZjE1ODNkYzctNjM0Ni00MmM3LTkyMjctZGRhYzA3YzhjMTFlXkEyXkFqcGdeQXVyNjAwNDUxODI@._V1_UX45_CR0,0,45,67_AL_.jpg",8.9
tt2098220,Hunter x Hunter,"https://m.media-amazon.com/images/M/MV5BNGM0YTk3MWEtN2JlZC00ZmZmLWIwMDktZTMxZGE5Zjc2MGExXkEyXkFqcGdeQXVyNjAwNDUxODI@._V1_UY67_CR1,0,45,67_AL_.jpg",8.9
tt2356777,True Detective,"https://m.media-amazon.com/images/M/MV5BMmRlYmE0Y2UtNDk2Yi00NzczLWEwZTEtZmE2OTcyYzcxYmU5XkEyXkFqcGdeQXVyNTMxMjgxMzA@._V1_UY67_CR1,0,45,67_AL_.jpg",8.9
tt0098904,Seinfeld,"https://m.media-amazon.com/images/M/MV5BZjZjMzQ2ZmUtZWEyZC00NWJiLWFjM2UtMzhmYzZmZDcxMzllXkEyXkFqcGdeQXVyNTA4NzY1MzY@._V1_UY67_CR1,0,45,67_AL_.jpg",8.9
tt0092337,Dekalog,"https://m.media-amazon.com/images/M/MV5BNDgzZDVmZjYtYmNhNi00YTE0LWJmNDAtODZiNWIwMjJhZDhhXkEyXkFqcGdeQXVyNjAwNDUxODI@._V1_UX45_CR0,0,45,67_AL_.jpg",8.9
tt7920978,Persona,"https://m.media-amazon.com/images/M/MV5BOTJkNzJmYzgtZTZmNC00MTQ2LWE2ZGQtM2EyYjliNGViMTY5XkEyXkFqcGdeQXVyNDg4MjkzNDk@._V1_UY67_CR1,0,45,67_AL_.jpg",8.9
tt9735318,The Beatles: Get Back,"https://m.media-amazon.com/images/M/MV5BNjMxMjE5ZTEtMjgyOC00ODM4LWJjZDAtMjcwZDBlNzZhZTkyXkEyXkFqcGdeQXVyMDM2NDM2MQ@@._V1_UY67_CR0,0,45,67_AL_.jpg",8.9
tt2802850,Fargo,"https://m.media-amazon.com/images/M/MV5BN2NiMGE5M2UtNWNlNC00N2Y4LTkwOWUtMDlkMzEwNTcyOTcyXkEyXkFqcGdeQXVyMTkxNjUyNQ@@._V1_UY67_CR0,0,45,67_AL_.jpg",8.9
tt2297757,Nathan for You,"https://m.media-amazon.com/images/M/MV5BOGY4ZWM1MDUtZmM3MS00ZjAxLTkyYzMtMjgxODI1YzkzNGUwXkEyXkFqcGdeQXVyNzk2NzE5Mjk@._V1_UY67_CR2,0,45,67_AL_.jpg",8.8
tt1865718,Gravity Falls,"https://m.media-amazon.com/images/M/MV5BMTEzNDc3MDQ2NzNeQTJeQWpwZ15BbWU4MDYzMzUwMDIx._V1_UX45_CR0,0,45,67_AL_.jpg",8.8
tt7137906,When They See Us,"https://m.media-amazon.com/images/M/MV5BZmJjM2YzOWEtOTYxYi00YjhkLTliMzgtMTA2MTc0NDQ1MDM4XkEyXkFqcGdeQXVyODY5OTk4MA@@._V1_UY67_CR0,0,45,67_AL_.jpg",8.8
tt0108778,Friends,"https://m.media-amazon.com/images/M/MV5BNDVkYjU0MzctMWRmZi00NTkxLTgwZWEtOWVhYjZlYjllYmU4XkEyXkFqcGdeQXVyNTA4NzY1MzY@._V1_UY67_CR0,0,45,67_AL_.jpg",8.8
tt3530232,Last Week Tonight with John Oliver,"https://m.media-amazon.com/images/M/MV5BNjRhYTgyZGEtOGU2YS00ZGM1LWIzODctZDhkNDBiYTFhZTYxXkEyXkFqcGdeQXVyNTE1NjY5Mg@@._V1_UY67_CR0,0,45,67_AL_.jpg",8.8
tt2571774,Africa,"https://m.media-amazon.com/images/M/MV5BNDdkZGViNzctZTJkMy00N2ZmLTg4NTUtZWM3YTE3ZTE3NjYwXkEyXkFqcGdeQXVyNjAwNDUxODI@._V1_UX45_CR0,0,45,67_AL_.jpg",8.8
tt4742876,TVF Pitchers,"https://m.media-amazon.com/images/M/MV5BYzA2NGM5MjAtMGJhMC00ZmE3LWFmYmEtZTVjNjA0MzQ4YmI1XkEyXkFqcGdeQXVyMTIyNzY0NTMx._V1_UY67_CR4,0,45,67_AL_.jpg",8.8
tt0472954,It's Always Sunny in Philadelphia,"https://m.media-amazon.com/images/M/MV5BZDc4NjU1MmMtZjIzNy00MWRhLWI4ZjUtYjY4YmFlY2NjMzA0XkEyXkFqcGdeQXVyMjkwOTAyMDU@._V1_UY67_CR0,0,45,67_AL_.jpg",8.8
tt4934214,Taskmaster,"https://m.media-amazon.com/images/M/MV5BMTNlYzY0MTItZmI5Ni00ODEwLTkxNDktOTI3MGI1ODRmODJlXkEyXkFqcGdeQXVyMDE4MzA0NQ@@._V1_UX45_CR0,0,45,67_AL_.jpg",8.8
tt13675832,As If,"https://m.media-amazon.com/images/M/MV5BZTUzZjU0M2MtZGFmYy00ZWU0LWJjZGUtOGJlMTI4MWI4ZDUxXkEyXkFqcGdeQXVyNDg4MjkzNDk@._V1_UY67_CR4,0,45,67_AL_.jpg",8.8
tt0200276,The West Wing,"https://m.media-amazon.com/images/M/MV5BNjk3ZWE3ZDctN2Q1YS00NzNhLWFjNmYtZTkwYWQxZmQ3NzM3XkEyXkFqcGdeQXVyNTE1NjY5Mg@@._V1_UX45_CR0,0,45,67_AL_.jpg",8.8
tt0264235,Curb Your Enthusiasm,"https://m.media-amazon.com/images/M/MV5BMzE3ZDA4OWItOGY2ZC00MzVmLTk0Y2QtNzEzMjc5YWI5ZWFiXkEyXkFqcGdeQXVyMTEyMjM2NDc2._V1_UY67_CR0,0,45,67_AL_.jpg",8.8
tt1831164,Leyla and Mecnun,"https://m.media-amazon.com/images/M/MV5BZGZlN2QzYTQtNmZkMy00YjdiLWIwOGUtMzlhZTJlMmIyNmJhXkEyXkFqcGdeQXVyOTQ2MjQ3MTI@._V1_UY67_CR4,0,45,67_AL_.jpg",8.8
tt0112130,Pride and Prejudice,"https://m.media-amazon.com/images/M/MV5BMDM0MjFlOGYtNTg2ZC00MmRkLTg5OTQtM2U5ZjUyYTgxZThiXkEyXkFqcGdeQXVyNTAyODkwOQ@@._V1_UY67_CR1,0,45,67_AL_.jpg",8.7
tt0193676,Freaks and Geeks,"https://m.media-amazon.com/images/M/MV5BZWJhOGFiZWMtYTY5Ni00NGU1LWE5OWItNzA5NThkNWUwYzc4XkEyXkFqcGdeQXVyNTA4NzY1MzY@._V1_UY67_CR1,0,45,67_AL_.jpg",8.7
tt0096548,Blackadder Goes Forth,"https://m.media-amazon.com/images/M/MV5BMTQ0OTc1NTU1NV5BMl5BanBnXkFtZTcwNDk1NDYxMQ@@._V1_UY67_CR1,0,45,67_AL_.jpg",8.7
tt3398228,BoJack Horseman,"https://m.media-amazon.com/images/M/MV5BYWQwMDNkM2MtODU4OS00OTY3LTgwOTItNjE2Yzc0MzRkMDllXkEyXkFqcGdeQXVyMTkxNjUyNQ@@._V1_UY67_CR0,0,45,67_AL_.jpg",8.7
tt2085059,Black Mirror,"https://m.media-amazon.com/images/M/MV5BYTM3YWVhMDMtNjczMy00NGEyLWJhZDctYjNhMTRkNDE0ZTI1XkEyXkFqcGdeQXVyMTkxNjUyNQ@@._V1_UY67_CR0,0,45,67_AL_.jpg",8.7
tt2707408,Narcos,"https://m.media-amazon.com/images/M/MV5BNmFjODU3YzgtMGUwNC00ZGI3LWFkZjQtMjkxZDc3NmQ1MzcyXkEyXkFqcGdeQXVyNjUwNzk3NDc@._V1_UY67_CR0,0,45,67_AL_.jpg",8.7
tt0214341,Dragon Ball Z,"https://m.media-amazon.com/images/M/MV5BNGM5MTEyZDItZWNhOS00NzNkLTgwZTAtNWIzY2IzZmExOWMxXkEyXkFqcGdeQXVyNTA4NzY1MzY@._V1_UY67_CR1,0,45,67_AL_.jpg",8.7
tt0121220,Dragon Ball Z,"https://m.media-amazon.com/images/M/MV5BZTI2Yzc1MTctMTIzOS00ZDljLTkzMDgtZDdiMWJiZWMxNjU2XkEyXkFqcGdeQXVyNjAwNDUxODI@._V1_UX45_CR0,0,45,67_AL_.jpg",8.7
tt0121955,South Park,"https://m.media-amazon.com/images/M/MV5BZjNhODYzZGItZWQ3Ny00ZjViLTkxMTUtM2EzN2RjYjU2OGZiXkEyXkFqcGdeQXVyMTI5MTc0OTIy._V1_UX45_CR0,0,45,67_AL_.jpg",8.7
tt3718778,Over the Garden Wall,"https://m.media-amazon.com/images/M/MV5BYzhjNzI0NWEtMzEyYy00OGViLThhMjctMWQxNGQ3Y2IzOTY4XkEyXkFqcGdeQXVyNjAwNDUxODI@._V1_UY67_CR1,0,45,67_AL_.jpg",8.7
tt0384766,Rome,"https://m.media-amazon.com/images/M/MV5BYTM4MmU1NWYtNzJjYy00YWFhLThjOGEtZmMxOGI1NzE0NGNiXkEyXkFqcGdeQXVyNDIzMzcwNjc@._V1_UX45_CR0,0,45,67_AL_.jpg",8.7
tt0248654,Six Feet Under,"https://m.media-amazon.com/images/M/MV5BN2FmMjg0Y2YtYmMyYi00MTBjLTllYzMtN2VjYzRhOTVmNWRlXkEyXkFqcGdeQXVyNDIzMzcwNjc@._V1_UY67_CR1,0,45,67_AL_.jpg",8.7
tt9432978,Kota Factory,"https://m.media-amazon.com/images/M/MV5BOGVmMGYwZTEtOGFlYS00ODRhLTg3M2MtMzc1OGNhNzU3N2IzXkEyXkFqcGdeQXVyNDY4NjAxNTc@._V1_UY67_CR0,0,45,67_AL_.jpg",8.7
tt0118421,Oz,"https://m.media-amazon.com/images/M/MV5BYjY3N2M2YjgtZTFjZS00ODA1LWJjMDgtNDgxZDllZWFiMmYyXkEyXkFqcGdeQXVyNDIzMzcwNjc@._V1_UX45_CR0,0,45,67_AL_.jpg",8.7
tt5753856,Dark,"https://m.media-amazon.com/images/M/MV5BOTk2NzUyOTctZDdlMS00MDJlLTgzNTEtNzQzYjFhNjA0YjBjXkEyXkFqcGdeQXVyMjg1NDcxNDE@._V1_UY67_CR0,0,45,67_AL_.jpg",8.7
tt1910272,Steins;Gate,"https://m.media-amazon.com/images/M/MV5BMjUxMzE4ZDctODNjMS00MzIwLThjNDktODkwYjc5YWU0MDc0XkEyXkFqcGdeQXVyNjc3OTE4Nzk@._V1_UX45_CR0,0,45,67_AL_.jpg",8.7
tt1190634,The Boys,"https://m.media-amazon.com/images/M/MV5BOTEyNDJhMDAtY2U5ZS00OTMzLTkwODktMjU3MjFkZWVlMGYyXkEyXkFqcGdeQXVyMjkwOTAyMDU@._V1_UY67_CR4,0,45,67_AL_.jpg",8.7
tt0367279,Arrested Development,"https://m.media-amazon.com/images/M/MV5BNTFlYTE2YTItZmQ1NS00ZWQ5LWI3OGUtYTQzNDMyZmEyYTZjXkEyXkFqcGdeQXVyNDg4NjY5OTQ@._V1_UY67_CR0,0,45,67_AL_.jpg",8.7
tt5687612,Fleabag,"https://m.media-amazon.com/images/M/MV5BMjA4MzU5NzQxNV5BMl5BanBnXkFtZTgwOTg3MDA5NzM@._V1_UY67_CR0,0,45,67_AL_.jpg",8.7
tt0096697,The Simpsons,"https://m.media-amazon.com/images/M/MV5BYjFkMTlkYWUtZWFhNy00M2FmLThiOTYtYTRiYjVlZWYxNmJkXkEyXkFqcGdeQXVyNTAyODkwOQ@@._V1_UX45_CR0,0,45,67_AL_.jpg",8.7
tt4508902,One Punch Man,"https://m.media-amazon.com/images/M/MV5BZjJlNzE5YzEtYzQwYS00NTBjLTk5YzAtYzUwOWQyM2E3OGI2XkEyXkFqcGdeQXVyNTgyNTA4MjM@._V1_UX45_CR0,0,45,67_AL_.jpg",8.6
tt0407362,Battlestar Galactica,"https://m.media-amazon.com/images/M/MV5BZjBjMjk4YWQtZjY1MC00NTI5LWEwZDMtYWMyYjk2MjkzMThhXkEyXkFqcGdeQXVyNzA5NjUyNjM@._V1_UY67_CR0,0,45,67_AL_.jpg",8.6
tt12004706,Panchayat,"https://m.media-amazon.com/images/M/MV5BZDkxODJmNDktZDcxMy00MGJkLWI3NzEtNzVkYTdkZWI0ZmVkXkEyXkFqcGdeQXVyNDY4NjAxNTc@._V1_UY67_CR1,0,45,67_AL_.jpg",8.6
tt0412142,House,"https://m.media-amazon.com/images/M/MV5BMDA4NjQzN2ItZDhhNC00ZjVlLWFjNTgtMTEyNDQyOGNjMDE1XkEyXkFqcGdeQXVyNTA4NzY1MzY@._V1_UY67_CR0,0,45,67_AL_.jpg",8.6
tt1606375,Downton Abbey,"https://m.media-amazon.com/images/M/MV5BY2U1NmIwYzgtNjFkOS00YWUxLTg0YTMtZmE5NTA3YjRmY2NlXkEyXkFqcGdeQXVyNTA4NzY1MzY@._V1_UY67_CR1,0,45,67_AL_.jpg",8.6
tt11280740,Severance,"https://m.media-amazon.com/images/M/MV5BMjkwZjcwMGQtNDAzOC00YjJiLThiYTgtNWU3ZjRiZmY2YzEzXkEyXkFqcGdeQXVyMTMzNDExODE5._V1_UX45_CR0,0,45,67_AL_.jpg",8.6
tt8111088,The Mandalorian,"https://m.media-amazon.com/images/M/MV5BN2M5YWFjN2YtYzU2YS00NzBlLTgwZWUtYWQzNWFhNDkyYjg3XkEyXkFqcGdeQXVyMDM2NDM2MQ@@._V1_UY67_CR0,0,45,67_AL_.jpg",8.6
tt4574334,Stranger Things,"https://m.media-amazon.com/images/M/MV5BMDZkYmVhNjMtNWU4MC00MDQxLWE3MjYtZGMzZWI1ZjhlOWJmXkEyXkFqcGdeQXVyMTkxNjUyNQ@@._V1_UY67_CR4,0,45,67_AL_.jpg",8.6
tt0804503,Mad Men,"https://m.media-amazon.com/images/M/MV5BNTgxNDZlODQtNDcwOC00NWQ5LTljNWMtMDhjY2U5YTUzMTc4XkEyXkFqcGdeQXVyMDA4NzMyOA@@._V1_UX45_CR0,0,45,67_AL_.jpg",8.6
tt1518542,Sarabhai V/S Sarabhai,"https://m.media-amazon.com/images/M/MV5BNjYxNzBhMmQtZjM4Yy00MGZiLWFmNDAtYmVkZGM0MWNlMTU3XkEyXkFqcGdeQXVyNTA4NzY1MzY@._V1_UY67_CR0,0,45,67_AL_.jpg",8.6
tt0387764,Peep Show,"https://m.media-amazon.com/images/M/MV5BZjYwMWJhOWMtZTc5ZC00MGY0LTg0ZjktMzFhODhhZGZhNDRjXkEyXkFqcGdeQXVyNTA4NzY1MzY@._V1_UX45_CR0,0,45,67_AL_.jpg",8.6
tt0092455,Star Trek: The Next Generation,"https://m.media-amazon.com/images/M/MV5BOWFhYjE4NzMtOWJmZi00NzEyLTg5NTctYmIxMTU1ZDIxMDAyXkEyXkFqcGdeQXVyNTE1NjY5Mg@@._V1_UY67_CR1,0,45,67_AL_.jpg",8.6
tt0318871,Berserk,"https://m.media-amazon.com/images/M/MV5BZWIzNzQ3ZDctODYxYi00YjUwLTg1MDgtMDg4Mzc0NWM4ZGY0XkEyXkFqcGdeQXVyNjAwNDUxODI@._V1_UY67_CR2,0,45,67_AL_.jpg",8.6
tt0758745,Friday Night Lights,"https://m.media-amazon.com/images/M/MV5BYTkxZDVhZGItZjM3Yi00YTU1LTk2ZDYtYTI4NTg2Mjc0NWY1XkEyXkFqcGdeQXVyNTA4NzY1MzY@._V1_UY67_CR2,0,45,67_AL_.jpg",8.6
tt5712554,The Grand Tour,"https://m.media-amazon.com/images/M/MV5BYjkyOWIyZGYtYzU3ZS00NWM2LThjZGEtMDZjZjg2MTI2NzBhXkEyXkFqcGdeQXVyNjI4OTg2Njg@._V1_UX45_CR0,0,45,67_AL_.jpg",8.6
tt1628033,Top Gear,"https://m.media-amazon.com/images/M/MV5BYzkwZDgwZmQtOWE4Yy00ZjgyLTgxZTYtZTRiMTg5MWY4NTFiXkEyXkFqcGdeQXVyNTA4NzY1MzY@._V1_UY67_CR1,0,45,67_AL_.jpg",8.6
tt6025022,Justice League Unlimited,"https://m.media-amazon.com/images/M/MV5BMGQ0ZDlhNzctZDQ2Zi00OWNlLWI5YWQtNzc4MjQ1YjAzMDI1XkEyXkFqcGdeQXVyNjk1Njg5NTA@._V1_UX45_CR0,0,45,67_AL_.jpg",8.6
tt0459159,The Thick of It,"https://m.media-amazon.com/images/M/MV5BZjc0ZDA5OTItYzhjNi00ZTJjLTg4OTYtZjk3NzBhODRlMTViXkEyXkFqcGdeQXVyMjc5OTMxMzQ@._V1_UY67_CR1,0,45,67_AL_.jpg",8.6
tt2303687,Line of Duty,"https://m.media-amazon.com/images/M/MV5BMTExZDZjNTMtNDVmNy00ZTk2LWFiMzUtZDlkZGRlOGU0ZWRmXkEyXkFqcGdeQXVyMjExMjk0ODk@._V1_UY67_CR1,0,45,67_AL_.jpg",8.6
tt4786824,The Crown,"https://m.media-amazon.com/images/M/MV5BZTEyNjBjYmYtYWYxYi00MmQyLThlYmItY2I4NzM1Mjg1MWYxXkEyXkFqcGdeQXVyMTU3ODI3MTk2._V1_UY67_CR0,0,45,67_AL_.jpg",8.6
tt14986406,Bleach: Thousand-Year Blood War,"https://m.media-amazon.com/images/M/MV5BODFmYTUwYzMtM2M2My00NGExLWIzMDctYmRjNTNhZDc4MGI2XkEyXkFqcGdeQXVyMTMzNDExODE5._V1_UY67_CR1,0,45,67_AL_.jpg",8.6
tt14392248,Aspirants,"https://m.media-amazon.com/images/M/MV5BNWRkMjA0NjItMmViYS00MDQyLTgyMWYtOWFmOTA4NmU5MjRjXkEyXkFqcGdeQXVyNDY4NjAxNTc@._V1_UY67_CR1,0,45,67_AL_.jpg",8.6
tt1795096,Behzat .: Bir Ankara Polisiyesi,"https://m.media-amazon.com/images/M/MV5BZDZjY2I5ZjEtZGE2MS00ZjRmLTlmMGEtMDQ5ZmZhZWJjYzk3XkEyXkFqcGdeQXVyNDg4MjkzNDk@._V1_UY67_CR1,0,45,67_AL_.jpg",8.6
tt0111958,Father Ted,"https://m.media-amazon.com/images/M/MV5BNWNmNDEwY2YtNmUzZi00YjEzLWFkZDQtZjhiN2M1YmVkYmFjXkEyXkFqcGdeQXVyNjc4NTExMTk@._V1_UY67_CR0,0,45,67_AL_.jpg",8.6
tt0348914,Deadwood,"https://m.media-amazon.com/images/M/MV5BNDJhMjUzMDYtNzc4MS00Nzk2LTkyMGQtN2M5NTczYTZmYmY5XkEyXkFqcGdeQXVyMzU3MTc5OTE@._V1_UY67_CR0,0,45,67_AL_.jpg",8.6
tt5555260,This Is Us,"https://m.media-amazon.com/images/M/MV5BNzYxYWY3YzctZjRiNS00MTViLTk5OTYtZDEyNzAwNGE5ODY0XkEyXkFqcGdeQXVyODUxOTU0OTg@._V1_UY67_CR0,0,45,67_AL_.jpg",8.6
tt1266020,Parks and Recreation,"https://m.media-amazon.com/images/M/MV5BYWNkOTg0OTMtZTcyNy00MWU1LWJhZDQtYjQzMjU1NjBhYzI2XkEyXkFqcGdeQXVyOTE4NzcwNzI@._V1_UY67_CR0,0,45,67_AL_.jpg",8.6
tt0106179,The X-Files,"https://m.media-amazon.com/images/M/MV5BZDA0MmM4YzUtMzYwZC00OGI2LWE0ODctNzNhNTkwN2FmNTVhXkEyXkFqcGdeQXVyNTA4NzY1MzY@._V1_UY67_CR0,0,45,67_AL_.jpg",8.6
tt0773262,Dexter,"https://m.media-amazon.com/images/M/MV5BZjkzMmU5MjMtODllZS00OTA5LTk2ZTEtNjdhYjZhMDA5ZTRhXkEyXkFqcGdeQXVyOTA3MTMyOTk@._V1_UY67_CR2,0,45,67_AL_.jpg",8.6
tt4288182,Atlanta,"https://m.media-amazon.com/images/M/MV5BZGU1MzRhNmMtNDExOS00NTk2LWJlYzMtMzc4YWYyN2Q3M2ZmXkEyXkFqcGdeQXVyMTUzMTg2ODkz._V1_UY67_CR4,0,45,67_AL_.jpg",8.6
tt0988824,Naruto: Shippuden,"https://m.media-amazon.com/images/M/MV5BZGFiMWFhNDAtMzUyZS00NmQ2LTljNDYtMmZjNTc5MDUxMzViXkEyXkFqcGdeQXVyNjAwNDUxODI@._V1_UY67_CR1,0,45,67_AL_.jpg",8.6
tt4299972,The Jinx: The Life and Deaths of Robert Durst,"https://m.media-amazon.com/images/M/MV5BMjI0OTc3MzY5Ml5BMl5BanBnXkFtZTgwNjk3MDUyNDE@._V1_UY67_CR0,0,45,67_AL_.jpg",8.6
tt10332508,Primal,"https://m.media-amazon.com/images/M/MV5BYjk3Y2U3NjEtMjNhYi00YTZmLWEzOTgtZWI4N2Y4NzlmNWExXkEyXkFqcGdeQXVyODk2MzQ0OTc@._V1_UY67_CR2,0,45,67_AL_.jpg",8.6
tt0994314,Code Geass,"https://m.media-amazon.com/images/M/MV5BYzZjY2MzYTAtMmQxMi00MWVjLTlkZGQtYjJmNWVhODY3YjdjXkEyXkFqcGdeQXVyNjAwNDUxODI@._V1_UY67_CR1,0,45,67_AL_.jpg",8.6
tt0088484,Blackadder II,"https://m.media-amazon.com/images/M/MV5BMTI4NDc1NDg0N15BMl5BanBnXkFtZTYwNjk0MTc5._V1_UY67_CR1,0,45,67_AL_.jpg",8.6
tt1733785,The Bridge,"https://m.media-amazon.com/images/M/MV5BMjQ3MDAzNDU4NV5BMl5BanBnXkFtZTgwNjE2NDQ0NzE@._V1_UY67_CR1,0,45,67_AL_.jpg",8.6
tt3322312,Daredevil,"https://m.media-amazon.com/images/M/MV5BYjJhMjcwNjAtODc0ZC00Yjg5LWExYzEtMzc5OWJhNjI1NTQ4XkEyXkFqcGdeQXVyNTA3MTU2MjE@._V1_UX45_CR0,0,45,67_AL_.jpg",8.6
tt0434706,Monster,"https://m.media-amazon.com/images/M/MV5BM2ZkYTAwMGMtOGEwOS00MzBjLTgxOGYtZTYwY2E1ZjMyZmY4XkEyXkFqcGdeQXVyNTgyNTA4MjM@._V1_UX45_CR0,0,45,67_AL_.jpg",8.6
tt0268093,Ramayan,"https://m.media-amazon.com/images/M/MV5BODFjYWEyOTktMTU3OC00YTBhLWE4ZmEtNTJiYWUzYTYwMjIzXkEyXkFqcGdeQXVyNjU1NDgwMDg@._V1_UY67_CR1,0,45,67_AL_.jpg",8.6
tt0096639,Lonesome Dove,"https://m.media-amazon.com/images/M/MV5BMmJmYTg0MDEtN2VjMC00YmUxLWFhNmMtZTBiYjQ2ZGQ5ZWMyXkEyXkFqcGdeQXVyNTE1NjY5Mg@@._V1_UY67_CR0,0,45,67_AL_.jpg",8.6
tt9335498,Demon Slayer: Kimetsu no Yaiba,"https://m.media-amazon.com/images/M/MV5BYTIxNjk3YjItYmYzMC00ZTdmLTk0NGUtZmNlZTA0NWFkZDMwXkEyXkFqcGdeQXVyNjAwNDUxODI@._V1_UX45_CR0,0,45,67_AL_.jpg",8.6
tt1486217,Archer,"https://m.media-amazon.com/images/M/MV5BMTg3NTMwMzY2OF5BMl5BanBnXkFtZTgwMDcxMjQ0NDE@._V1_UX45_CR0,0,45,67_AL_.jpg",8.6
tt5290382,Mindhunter,"https://m.media-amazon.com/images/M/MV5BNWNmYzQ1ZWUtYTQ3ZS00Y2UwLTlkMDctZThlOTJkMGJiNzBiXkEyXkFqcGdeQXVyNjg2NjQwMDQ@._V1_UY67_CR0,0,45,67_AL_.jpg",8.5
tt2049116,Gomorrah,"https://m.media-amazon.com/images/M/MV5BMTgzNmNjZGQtMjM3ZC00Y2Y2LTlkZGItM2EwNTM2MmUyMDExXkEyXkFqcGdeQXVyMTMxNjUyMDkx._V1_UY67_CR0,0,45,67_AL_.jpg",8.5
tt4236770,Yellowstone,"https://m.media-amazon.com/images/M/MV5BOGFiZjU5NGEtNTAwNS00ZjI2LTg0YTktNjg0ODFlM2E0NGVhXkEyXkFqcGdeQXVyMzQ2MDI5NjU@._V1_UX45_CR0,0,45,67_AL_.jpg",8.5
tt0092324,Blackadder the Third,"https://m.media-amazon.com/images/M/MV5BMGViZTgzNjEtZWQ3My00YjJkLTk2OGUtZDQ1ODg2ZGEyNzhhXkEyXkFqcGdeQXVyNTA4NzY1MzY@._V1_UY67_CR1,0,45,67_AL_.jpg",8.5
tt1641384,Young Justice,"https://m.media-amazon.com/images/M/MV5BMTAwYzE4NzItY2Q3Zi00NjRmLWE5ZTAtMDM5OWIyMmQ3MTFlXkEyXkFqcGdeQXVyMTkxNjUyNQ@@._V1_UY67_CR0,0,45,67_AL_.jpg",8.5
tt13111040,The Offer,"https://m.media-amazon.com/images/M/MV5BMzU1YWU3ZWItYTA4Yy00M2Q0LTkzZTQtYzFmNzVlZTg1ZTQwXkEyXkFqcGdeQXVyMTM1MTE1NDMx._V1_UY67_CR0,0,45,67_AL_.jpg",8.5
tt0096657,Mr. Bean,"https://m.media-amazon.com/images/M/MV5BMGNhODY0ZjktYjY2ZS00MGNkLTg2ZTUtMGEwNGRlMmY3ZjQ4XkEyXkFqcGdeQXVyNTgyNTA4MjM@._V1_UX45_CR0,0,45,67_AL_.jpg",8.5
tt9174558,Dopesick,"https://m.media-amazon.com/images/M/MV5BZTc5NmU1YWUtMzgxNC00YmVmLTk1MDYtNjlkNjQwZGVjMTIzXkEyXkFqcGdeQXVyMDM2NDM2MQ@@._V1_UY67_CR0,0,45,67_AL_.jpg",8.5
tt0380136,QI,"https://m.media-amazon.com/images/M/MV5BMjgyYWUxNGMtMGMwZi00OWIyLTkwN2ItOWYyYWUxYzcyNzUwXkEyXkFqcGdeQXVyNjg0NTcxMTg@._V1_UX45_CR0,0,45,67_AL_.jpg",8.5
tt0080306,Yes Minister,"https://m.media-amazon.com/images/M/MV5BY2NhZWM1N2YtZmU4ZS00NmVmLWFkMmYtNTQxNjExNmJhYzA0XkEyXkFqcGdeQXVyNjg1NzcwODE@._V1_UY67_CR2,0,45,67_AL_.jpg",8.5
tt7562112,Pose,"https://m.media-amazon.com/images/M/MV5BNmNiZTFlMTAtYWZjNS00NGFlLWFkMTItOWRhOTBjN2Y1NDYxXkEyXkFqcGdeQXVyMTUyNjc3NDQ4._V1_UY67_CR4,0,45,67_AL_.jpg",8.5
tt5189670,Making a Murderer,"https://m.media-amazon.com/images/M/MV5BMTg4Mjc1NjE4Ml5BMl5BanBnXkFtZTgwMjk2NjA1NjM@._V1_UY67_CR0,0,45,67_AL_.jpg",8.5
tt1870479,The Newsroom,"https://m.media-amazon.com/images/M/MV5BZDI0OWIwMTgtZGIyOC00ODRhLWIwNjAtOWViZmMwOWYwOGViXkEyXkFqcGdeQXVyNTE1NjY5Mg@@._V1_UY67_CR0,0,45,67_AL_.jpg",8.5
tt10850932,Crash Landing on You,"https://m.media-amazon.com/images/M/MV5BMzRiZWUyN2YtNDI4YS00NTg2LTg0OTgtMGI2ZjU4ODQ4Yjk3XkEyXkFqcGdeQXVyNTI5NjIyMw@@._V1_UY67_CR1,0,45,67_AL_.jpg",8.5
tt6763664,The Haunting of Hill House,"https://m.media-amazon.com/images/M/MV5BMTU4NzA4MDEwNF5BMl5BanBnXkFtZTgwMTQxODYzNjM@._V1_UY67_CR0,0,45,67_AL_.jpg",8.5
tt2244495,The Eric Andre Show,"https://m.media-amazon.com/images/M/MV5BZWI4YTVhYmMtZmZjNS00MmFjLTkyMDItNzcxYjVjZjZmODliXkEyXkFqcGdeQXVyMzM4NjcxOTc@._V1_UY67_CR0,0,45,67_AL_.jpg",8.5
tt10048342,The Queen's Gambit,"https://m.media-amazon.com/images/M/MV5BM2EwMmRhMmUtMzBmMS00ZDQ3LTg4OGEtNjlkODk3ZTMxMmJlXkEyXkFqcGdeQXVyMjM5ODk1NDU@._V1_UY67_CR0,0,45,67_AL_.jpg",8.5
tt0863046,Flight of the Conchords,"https://m.media-amazon.com/images/M/MV5BNTM4M2VhY2UtZTJmMi00YmFjLTk4OWItMzU2ZDA3NTUxZjYxXkEyXkFqcGdeQXVyNTA4NzY1MzY@._V1_UY67_CR1,0,45,67_AL_.jpg",8.5
tt0106028,Homicide: Life on the Street,"https://m.media-amazon.com/images/M/MV5BYTVmZTRhNWItNmQ3Yi00MzNiLWJiZTctOWMyOWRlMDY4YWMyXkEyXkFqcGdeQXVyNjc3MjQzNTI@._V1_UY67_CR1,0,45,67_AL_.jpg",8.5
tt0088509,Dragon Ball,"https://m.media-amazon.com/images/M/MV5BYzI0YjYxY2UtNzRjNS00NTZiLTgzMDItNGEzMjU5MmE0ZWJmXkEyXkFqcGdeQXVyNjAwNDUxODI@._V1_UX45_CR0,0,45,67_AL_.jpg",8.5
tt0417373,The Venture Bros.,"https://m.media-amazon.com/images/M/MV5BNjYwZjJhZDgtMDc2Mi00Y2U4LThjMzItZmYyZDYzZDNjMDI5XkEyXkFqcGdeQXVyNTA4NzY1MzY@._V1_UX45_CR0,0,45,67_AL_.jpg",8.5
tt0237123,Coupling,"https://m.media-amazon.com/images/M/MV5BMzU4NmRkMTctZWQzMi00OGQwLWFjZGEtMTRlZGNmMDdhOGYzXkEyXkFqcGdeQXVyMTA0MTM5NjI2._V1_UX45_CR0,0,45,67_AL_.jpg",8.5
tt2100976,Impractical Jokers,"https://m.media-amazon.com/images/M/MV5BZjhlYTllNzgtOTQ5Ni00MTI1LWJmZjktOTc2NTZkYWVlYjllXkEyXkFqcGdeQXVyMDA4NzMyOA@@._V1_UY67_CR1,0,45,67_AL_.jpg",8.5
tt0187664,Spaced,"https://m.media-amazon.com/images/M/MV5BMmNjODUxNzctOWU2Zi00ZGU3LWI2MDEtMjZjNjE2MmJiMDZiXkEyXkFqcGdeQXVyNTA4NzY1MzY@._V1_UY67_CR1,0,45,67_AL_.jpg",8.5
tt6108262,Black Sun,"https://m.media-amazon.com/images/M/MV5BYjAzMzc3OTMtZTAzNi00OWI0LWJmOGEtYjI3MWZmY2IzNDkxXkEyXkFqcGdeQXVyMTk0MjQ3Nzk@._V1_UY67_CR1,0,45,67_AL_.jpg",8.5
tt8289930,Formula 1: Drive to Survive,"https://m.media-amazon.com/images/M/MV5BMzVkMGU0YWMtOWQxMC00MjFhLTg1NjAtMDFlZTZlYzJlMjlhXkEyXkFqcGdeQXVyMTMxODk2OTU@._V1_UY67_CR1,0,45,67_AL_.jpg",8.5
tt7908628,What We Do in the Shadows,"https://m.media-amazon.com/images/M/MV5BNWYwNGMwNTItMzZiNS00YTNhLTg5ZDItOTE5YzdhYWRjOWQ2XkEyXkFqcGdeQXVyMTUzMTg2ODkz._V1_UY67_CR0,0,45,67_AL_.jpg",8.5
tt0086831,"Yes, Prime Minister","https://m.media-amazon.com/images/M/MV5BMjkyZjY5Y2UtZmE1Ny00Mzk0LWEwZjgtYjYxZTYwNjhmMGIzXkEyXkFqcGdeQXVyNDMwODE5NDA@._V1_UX45_CR0,0,45,67_AL_.jpg",8.5
tt0423731,Samurai Champloo,"https://m.media-amazon.com/images/M/MV5BMzg1NmFlMzctYmVkNC00Y2M4LTgyOGQtNjkyYWFkZDQ4MGJjXkEyXkFqcGdeQXVyNjAwNDUxODI@._V1_UY67_CR0,0,45,67_AL_.jpg",8.5
tt0487831,The IT Crowd,"https://m.media-amazon.com/images/M/MV5BMjE5MThjMzAtNWVmNC00YThkLTlmNzktMTM3Yzk4YTZhMTgwXkEyXkFqcGdeQXVyNTAyODkwOQ@@._V1_UY67_CR1,0,45,67_AL_.jpg",8.5
tt9544034,The Family Man,"https://m.media-amazon.com/images/M/MV5BMzRjZWVmMzItNTdmYS00OWEzLTgyOGUtNThiNTU2ZThlYjY0XkEyXkFqcGdeQXVyMTIxMDk2NDE4._V1_UY67_CR4,0,45,67_AL_.jpg",8.5
tt4158110,Mr. Robot,"https://m.media-amazon.com/images/M/MV5BM2QyNDIzOGMtNThhNS00NmUwLWI0ZjUtZjdkN2I1OTRjZWQ3XkEyXkFqcGdeQXVyNzQ1ODk3MTQ@._V1_UY67_CR1,0,45,67_AL_.jpg",8.5
tt0129690,I'm Alan Partridge,"https://m.media-amazon.com/images/M/MV5BYmI1ZmI3ODctMThmMS00OTliLWIyZmYtOWQ2MDA3Nzg2NWI0XkEyXkFqcGdeQXVyOTMyODgwOTQ@._V1_UX45_CR0,0,45,67_AL_.jpg",8.5
tt10802170,The Rehearsal,"https://m.media-amazon.com/images/M/MV5BNGI3ZTgwMzItMTA0ZC00NTFhLTkzNTQtMDBkMDc2NmVmY2NkXkEyXkFqcGdeQXVyMTM1MTE1NDMx._V1_UY67_CR0,0,45,67_AL_.jpg",8.5
tt0163507,Whose Line Is It Anyway?,"https://m.media-amazon.com/images/M/MV5BYmJjMTVhYjQtMjBmMC00NWYxLTk2YmEtYWIxZDUzYjljZTYxXkEyXkFqcGdeQXVyNTA4NzY1MzY@._V1_UY67_CR0,0,45,67_AL_.jpg",8.5
tt0290978,The Office,"https://m.media-amazon.com/images/M/MV5BYWI2YmI2ZmMtMTZjMC00MzMzLWI5ODItNDY1OTg3YjNmZmUxXkEyXkFqcGdeQXVyNDA5NTgxNjU@._V1_UY67_CR1,0,45,67_AL_.jpg",8.5
tt1513168,Through the Wormhole,"https://m.media-amazon.com/images/M/MV5BMDhkMTY2NGQtMWY4Mi00ZjhmLWIzNGYtZDJhODkwNTM5NTIzXkEyXkFqcGdeQXVyNDk3NDEzMzk@._V1_UY67_CR0,0,45,67_AL_.jpg",8.5
tt4647692,Letterkenny,"https://m.media-amazon.com/images/M/MV5BMzRjOWYyNDUtYTJhMC00ZmZmLThlYmYtOWJkMzk4MGQ2NDFhXkEyXkFqcGdeQXVyMjQyMDc5MA@@._V1_UX45_CR0,0,45,67_AL_.jpg",8.5
tt0278238,Samurai Jack,"https://m.media-amazon.com/images/M/MV5BNDY3Y2E1NWYtMTFkZS00MzlmLTk2ZTItMTAyY2QxZDU1NjZhXkEyXkFqcGdeQXVyMTA0MTM5NjI2._V1_UX45_CR0,0,45,67_AL_.jpg",8.5
tt1534360,Ezel,"https://m.media-amazon.com/images/M/MV5BMjIzOTY1YTYtNmRhMC00MzAxLWEzMzUtM2ZiMmYwNTY0MjMyXkEyXkFqcGdeQXVyNDg4MjkzNDk@._V1_UY67_CR1,0,45,67_AL_.jpg",8.5
tt5897304,Mob Psycho 100,"https://m.media-amazon.com/images/M/MV5BYWIwZjhkMzgtOWExYi00ZGIwLTg1ZTktNjQyZWIxYWFmZTc0XkEyXkFqcGdeQXVyNjAwNDUxODI@._V1_UX45_CR0,0,45,67_AL_.jpg",8.5
tt4082744,Detectorists,"https://m.media-amazon.com/images/M/MV5BZGUyOWJiYTUtN2E0Ni00MGUwLTk4ZjktYzc3ZmRkNzVlNTU0XkEyXkFqcGdeQXVyMTExNDQ2MTI@._V1_UX45_CR0,0,45,67_AL_.jpg",8.5
tt2701582,Endeavour,"https://m.media-amazon.com/images/M/MV5BN2Q3ZTBmNjItOTM2Mi00ZjA4LWI5MTEtMTkzNDJmM2EwOWJkXkEyXkFqcGdeQXVyNDI3NjU1NzQ@._V1_UX45_CR0,0,45,67_AL_.jpg",8.5
tt1586680,Shameless,"https://m.media-amazon.com/images/M/MV5BZDgxNjQ2MjMtMjk2Yi00M2Q2LWI0ZDktOGM1NWI5YWUzMjk4XkEyXkFqcGdeQXVyOTA3MTMyOTk@._V1_UX45_CR0,0,45,67_AL_.jpg",8.5
tt1124373,Sons of Anarchy,"https://m.media-amazon.com/images/M/MV5BYTMxMGY1OGQtZmUzNy00NjhmLTlhNzItZDBiNzhlMTgwZjZlXkEyXkFqcGdeQXVyNDIzMzcwNjc@._V1_UY67_CR0,0,45,67_AL_.jpg",8.5
tt20869502,Extraordinary Attorney Woo,"https://m.media-amazon.com/images/M/MV5BMTAzNzlhYjItN2MxZS00ZTg4LWFmZGQtN2I1ZWE5YjgzODY3XkEyXkFqcGdeQXVyNjk1NzU1Mjk@._V1_UY67_CR1,0,45,67_AL_.jpg",8.5
tt0118273,Brass Eye,"https://m.media-amazon.com/images/M/MV5BOGRjYzI3OGEtZDFmNi00OWQxLWFjODgtZDUyNWMxYjI4MjA5XkEyXkFqcGdeQXVyNTA4NzY1MzY@._V1_UY67_CR0,0,45,67_AL_.jpg",8.5
tt0112159,Neon Genesis Evangelion,"https://m.media-amazon.com/images/M/MV5BODZkZjUxNmEtMGEyOS00ZDY5LTkxZDMtZTJkZDBiZTkyOWRkXkEyXkFqcGdeQXVyNjAwNDUxODI@._V1_UY67_CR1,0,45,67_AL_.jpg",8.5
tt0417349,North & South,"https://m.media-amazon.com/images/M/MV5BYjU4NGI4MjQtOTJlZC00Y2UxLWFiMDAtODJhZDFmYmVjMTY3XkEyXkFqcGdeQXVyNTE1NjY5Mg@@._V1_UY67_CR1,0,45,67_AL_.jpg",8.5
tt0475784,Westworld,"https://m.media-amazon.com/images/M/MV5BZDg1OWRiMTktZDdiNy00NTZlLTg2Y2EtNWRiMTcxMGE5YTUxXkEyXkFqcGdeQXVyMTM2MDY0OTYx._V1_UY67_CR0,0,45,67_AL_.jpg",8.5
tt4093826,Twin Peaks,"https://m.media-amazon.com/images/M/MV5BZWZiNWI0MzgtMDMyYS00NDY2LWI0Y2YtNTQ2ZWJhNzU2NTEyXkEyXkFqcGdeQXVyOTA3MTMyOTk@._V1_UX45_CR0,0,45,67_AL_.jpg",8.5
tt0421357,Fullmetal Alchemist,"https://m.media-amazon.com/images/M/MV5BMmI5NmFlZjItOTBhOC00NGI0LWIyNDAtODJhOTJjZDEyMTYyXkEyXkFqcGdeQXVyNjAwNDUxODI@._V1_UX45_CR0,0,45,67_AL_.jpg",8.5
tt1758429,Spartacus: Gods of the Arena,"https://m.media-amazon.com/images/M/MV5BMTYyMjI4NzYxOF5BMl5BanBnXkFtZTcwNTUwMTc1NA@@._V1_UX45_CR0,0,45,67_AL_.jpg",8.5
tt2575988,Silicon Valley,"https://m.media-amazon.com/images/M/MV5BM2Q5YjNjZWMtYThmYy00N2ZjLWE2NDctNmZjMmZjYWE2NjEwXkEyXkFqcGdeQXVyMTAzMDM4MjM0._V1_UY67_CR1,0,45,67_AL_.jpg",8.5
tt13868972,Rocket Boys,"https://m.media-amazon.com/images/M/MV5BYjQ0YTdhZDctYzg5YS00NTNkLThiOWYtNDI5OTYzMGRkYWUyXkEyXkFqcGdeQXVyOTIxMzQ0NzU@._V1_UY67_CR2,0,45,67_AL_.jpg",8.5
tt0149460,Futurama,"https://m.media-amazon.com/images/M/MV5BNzA2ZDk2ZTUtMWU2Yi00NDVmLTk1ODEtMmFmMjQyNWYzODI0XkEyXkFqcGdeQXVyNTA4NzY1MzY@._V1_UX45_CR0,0,45,67_AL_.jpg",8.5
tt0203082,Rurouni Kenshin: Trust and Betrayal,"https://m.media-amazon.com/images/M/MV5BNWI3MTAxOWYtYjNhYi00N2QwLWIxNDMtOGYzZGE4ZmUzOWE3XkEyXkFqcGdeQXVyNjAwNDUxODI@._V1_UY67_CR1,0,45,67_AL_.jpg",8.5
tt3428912,Happy Valley,"https://m.media-amazon.com/images/M/MV5BNTBmYTQ5ZDYtM2NjMC00M2Q2LTg4NDAtODUxZTk0ZmFjMGVjXkEyXkFqcGdeQXVyNzQ5MzY0NjM@._V1_UY67_CR2,0,45,67_AL_.jpg",8.5
tt3526078,Schitt's Creek,"https://m.media-amazon.com/images/M/MV5BNWQ1ZmM3MTQtNTVhZC00MWVlLWI5ZjgtYmZiYWQxZjUzZWM0XkEyXkFqcGdeQXVyMzQ2MDI5NjU@._V1_UX45_CR0,0,45,67_AL_.jpg",8.4
tt2243973,Hannibal,"https://m.media-amazon.com/images/M/MV5BNWU5YmJhNWEtZGVlOS00NmRhLThmNzUtYjAyMDA2MDg5ZTM4XkEyXkFqcGdeQXVyNDIzMzcwNjc@._V1_UY67_CR1,0,45,67_AL_.jpg",8.4
tt4269716,Umbre,"https://m.media-amazon.com/images/M/MV5BZjIyNWRlNTEtZDFmOC00YjJkLWJiNDktNWQzMmI1MmQyMDMyXkEyXkFqcGdeQXVyMzQ4MjE5ODk@._V1_UY67_CR1,0,45,67_AL_.jpg",8.4
tt1710308,Regular Show,"https://m.media-amazon.com/images/M/MV5BNWJjZjQ5NWUtMTkwZC00NGY2LWEyMDEtMGIyZThkMmMyZTZlXkEyXkFqcGdeQXVyMTI2MzY3NTA3._V1_UX45_CR0,0,45,67_AL_.jpg",8.4
tt3230854,The Expanse,"https://m.media-amazon.com/images/M/MV5BZDVmMDljM2QtZDkzZC00ZDg2LWFiMGItZjNiNjliZjg2MGEzXkEyXkFqcGdeQXVyMjkwOTAyMDU@._V1_UX45_CR0,0,45,67_AL_.jpg",8.4
tt1439629,Community,"https://m.media-amazon.com/images/M/MV5BNDQ5NDZiYjktZmFmMy00MjAxLTk1MDktOGZjYTY5YTE1ODdmXkEyXkFqcGdeQXVyNjcwMzEzMTU@._V1_UY67_CR1,0,45,67_AL_.jpg",8.4
tt12343534,Jujutsu Kaisen,"https://m.media-amazon.com/images/M/MV5BMTMwMDM4N2EtOTJiYy00OTQ0LThlZDYtYWUwOWFlY2IxZGVjXkEyXkFqcGdeQXVyNjAwNDUxODI@._V1_UX45_CR0,0,45,67_AL_.jpg",8.4
tt7278862,My Brilliant Friend,"https://m.media-amazon.com/images/M/MV5BODU3Nzg5NGMtOTE2MS00YWQ0LTgyYzktMWM3YjNmYjlmZTliXkEyXkFqcGdeQXVyMTMxODk2OTU@._V1_UY67_CR0,0,45,67_AL_.jpg",8.4
tt2433738,Wentworth,"https://m.media-amazon.com/images/M/MV5BODk2NjQ5OGYtYTVlMi00ZWM2LTk4OGYtZjcwNjg1MzVjOGMxXkEyXkFqcGdeQXVyNTE1NjY5Mg@@._V1_UY67_CR0,0,45,67_AL_.jpg",8.4
tt7120662,Derry Girls,"https://m.media-amazon.com/images/M/MV5BNzU0MTFiNjUtNzIxMi00ZGZiLTgwZmUtMjIxOWNmMDE0NTE1XkEyXkFqcGdeQXVyNjg0NTcxMTg@._V1_UX45_CR0,0,45,67_AL_.jpg",8.4
tt0995832,Generation Kill,"https://m.media-amazon.com/images/M/MV5BMTM2NjAxOTQzNl5BMl5BanBnXkFtZTcwMjk4NzU3MQ@@._V1_UY67_CR2,0,45,67_AL_.jpg",8.4
tt3895150,Your Lie in April,"https://m.media-amazon.com/images/M/MV5BYThlNWY5ZDgtYTIxNC00ZjdiLWJmNGUtMDFjMDlmZTAzOWFiXkEyXkFqcGdeQXVyNTM4NzAzNjc@._V1_UX45_CR0,0,45,67_AL_.jpg",8.4
tt1230180,The Angry Video Game Nerd,"https://m.media-amazon.com/images/M/MV5BYzExNjRkZmItYzFlNi00ZWI5LWE2MTEtNTcyZDQ1Y2QyZjBiXkEyXkFqcGdeQXVyNjg3MDM4Mzc@._V1_UY67_CR1,0,45,67_AL_.jpg",8.4
tt2401256,The Night Of,"https://m.media-amazon.com/images/M/MV5BMjQyOTgxMDI0Nl5BMl5BanBnXkFtZTgwOTE4MzczOTE@._V1_UY67_CR0,0,45,67_AL_.jpg",8.4
tt0047708,Alfred Hitchcock Presents,"https://m.media-amazon.com/images/M/MV5BOWQ1OGI0ZTItOTNkYi00NWFhLWE3ZWYtODVmMjkzMmM1NDYwXkEyXkFqcGdeQXVyNTA4NzY1MzY@._V1_UY67_CR1,0,45,67_AL_.jpg",8.4
tt3920596,Big Little Lies,"https://m.media-amazon.com/images/M/MV5BZmNjYzdjN2ItOTBlNy00Mjc0LWE4YmMtYTQ4ZjQzNTMyNDc4XkEyXkFqcGdeQXVyMTkxNjUyNQ@@._V1_UY67_CR0,0,45,67_AL_.jpg",8.4
tt1299368,Southland,"https://m.media-amazon.com/images/M/MV5BMjAwNzQ4MTMyMF5BMl5BanBnXkFtZTcwMDk3NTYyNw@@._V1_UY67_CR1,0,45,67_AL_.jpg",8.4
tt2937900,The Knick,"https://m.media-amazon.com/images/M/MV5BMTQ5NzcyNDc5MV5BMl5BanBnXkFtZTgwMDMyOTY5NjE@._V1_UY67_CR0,0,45,67_AL_.jpg",8.4
tt0310455,Foyle's War,"https://m.media-amazon.com/images/M/MV5BOWIyYjcwNGYtZTZkNS00ODE3LWFhMzEtODE3OGVkZWZjY2Q4XkEyXkFqcGdeQXVyMjExMjk0ODk@._V1_UY67_CR1,0,45,67_AL_.jpg",8.4
tt0262150,Black Books,"https://m.media-amazon.com/images/M/MV5BODZjOGMxMGUtYTY3YS00NjcxLWFkY2EtYzc3NDVkZjk0YWY2XkEyXkFqcGdeQXVyNTA4NzY1MzY@._V1_UY67_CR2,0,45,67_AL_.jpg",8.4
tt12451520,It's Okay to Not Be Okay,"https://m.media-amazon.com/images/M/MV5BYTk0Nzk5ZWYtYTNlZi00YjBjLWJhYjctMWMwMmYyMDA5ZjJmXkEyXkFqcGdeQXVyNDY5MjMyNTg@._V1_UY67_CR1,0,45,67_AL_.jpg",8.4
tt6958022,The Defiant Ones,"https://m.media-amazon.com/images/M/MV5BNjAyMjg0MTMtZmUxZC00MzhiLTk1YzYtOGE4YWNmYmIzMjc4XkEyXkFqcGdeQXVyMTMxODk2OTU@._V1_UY67_CR0,0,45,67_AL_.jpg",8.4
tt0068646,The Godfather,"https://m.media-amazon.com/images/M/MV5BM2MyNjYxNmUtYTAwNi00MTYxLWJmNWYtYzZlODY3ZTk3OTFlXkEyXkFqcGdeQXVyNzkwMjQ5NzM@._V1_UY67_CR1,0,45,67_AL_.jpg",9.2
tt0468569,The Dark Knight,"https://m.media-amazon.com/images/M/MV5BMTMxNTMwODM0NF5BMl5BanBnXkFtZTcwODAyMTk2Mw@@._V1_UY67_CR0,0,45,67_AL_.jpg",9.0
tt0071562,The Godfather Part II,"https://m.media-amazon.com/images/M/MV5BMWMwMGQzZTItY2JlNC00OWZiLWIyMDctNDk2ZDQ2YjRjMWQ0XkEyXkFqcGdeQXVyNzkwMjQ5NzM@._V1_UY67_CR1,0,45,67_AL_.jpg",9.0
tt0050083,12 Angry Men,"https://m.media-amazon.com/images/M/MV5BMWU4N2FjNzYtNTVkNC00NzQ0LTg0MjAtYTJlMjFhNGUxZDFmXkEyXkFqcGdeQXVyNjc1NTYyMjg@._V1_UX45_CR0,0,45,67_AL_.jpg",9.0
tt0108052,Schindler's List,"https://m.media-amazon.com/images/M/MV5BNDE4OTMxMTctNmRhYy00NWE2LTg3YzItYTk3M2UwOTU5Njg4XkEyXkFqcGdeQXVyNjU0OTQ0OTY@._V1_UX45_CR0,0,45,67_AL_.jpg",8.9
tt0167260,The Lord of the Rings: The Return of the King,"https://m.media-amazon.com/images/M/MV5BNzA5ZDNlZWMtM2NhNS00NDJjLTk4NDItYTRmY2EwMWZlMTY3XkEyXkFqcGdeQXVyNzkwMjQ5NzM@._V1_UY67_CR0,0,45,67_AL_.jpg",8.9
tt0110912,Pulp Fiction,"https://m.media-amazon.com/images/M/MV5BNGNhMDIzZTUtNTBlZi00MTRlLWFjM2ItYzViMjE3YzI5MjljXkEyXkFqcGdeQXVyNzkwMjQ5NzM@._V1_UY67_CR0,0,45,67_AL_.jpg",8.8
tt0120737,The Lord of the Rings: The Fellowship of the Ring,"https://m.media-amazon.com/images/M/MV5BN2EyZjM3NzUtNWUzMi00MTgxLWI0NTctMzY4M2VlOTdjZWRiXkEyXkFqcGdeQXVyNDUzOTQ5MjY@._V1_UY67_CR0,0,45,67_AL_.jpg",8.8
tt0060196,"The Good, the Bad and the Ugly","https://m.media-amazon.com/images/M/MV5BNjJlYmNkZGItM2NhYy00MjlmLTk5NmQtNjg1NmM2ODU4OTMwXkEyXkFqcGdeQXVyMjUzOTY1NTc@._V1_UX45_CR0,0,45,67_AL_.jpg",8.8
tt0109830,Forrest Gump,"https://m.media-amazon.com/images/M/MV5BNWIwODRlZTUtY2U3ZS00Yzg1LWJhNzYtMmZiYmEyNmU1NjMzXkEyXkFqcGdeQXVyMTQxNzMzNDI@._V1_UY67_CR0,0,45,67_AL_.jpg",8.8
tt0137523,Fight Club,"https://m.media-amazon.com/images/M/MV5BNDIzNDU0YzEtYzE5Ni00ZjlkLTk5ZjgtNjM3NWE4YzA3Nzk3XkEyXkFqcGdeQXVyMjUzOTY1NTc@._V1_UY67_CR0,0,45,67_AL_.jpg",8.7
tt0167261,The Lord of the Rings: The Two Towers,"https://m.media-amazon.com/images/M/MV5BZGMxZTdjZmYtMmE2Ni00ZTdkLWI5NTgtNjlmMjBiNzU2MmI5XkEyXkFqcGdeQXVyNjU0OTQ0OTY@._V1_UX45_CR0,0,45,67_AL_.jpg",8.7
tt1375666,Inception,"https://m.media-amazon.com/images/M/MV5BMjAxMzY3NjcxNF5BMl5BanBnXkFtZTcwNTI5OTM0Mw@@._V1_UY67_CR0,0,45,67_AL_.jpg",8.7
tt0080684,Star Wars: Episode V - The Empire Strikes Back,"https://m.media-amazon.com/images/M/MV5BYmU1NDRjNDgtMzhiMi00NjZmLTg5NGItZDNiZjU5NTU4OTE0XkEyXkFqcGdeQXVyNzkwMjQ5NzM@._V1_UX45_CR0,0,45,67_AL_.jpg",8.7
tt0133093,The Matrix,"https://m.media-amazon.com/images/M/MV5BNzQzOTk3OTAtNDQ0Zi00ZTVkLWI0MTEtMDllZjNkYzNjNTc4L2ltYWdlXkEyXkFqcGdeQXVyNjU0OTQ0OTY@._V1_UX45_CR0,0,45,67_AL_.jpg",8.7
tt0099685,Goodfellas,"https://m.media-amazon.com/images/M/MV5BY2NkZjEzMDgtN2RjYy00YzM1LWI4ZmQtMjIwYjFjNmI3ZGEwXkEyXkFqcGdeQXVyNzkwMjQ5NzM@._V1_UX45_CR0,0,45,67_AL_.jpg",8.7
tt0073486,One Flew Over the Cuckoo's Nest,"https://m.media-amazon.com/images/M/MV5BZjA0OWVhOTAtYWQxNi00YzNhLWI4ZjYtNjFjZTEyYjJlNDVlL2ltYWdlL2ltYWdlXkEyXkFqcGdeQXVyMTQxNzMzNDI@._V1_UY67_CR0,0,45,67_AL_.jpg",8.6
tt0114369,Se7en,"https://m.media-amazon.com/images/M/MV5BOTUwODM5MTctZjczMi00OTk4LTg3NWUtNmVhMTAzNTNjYjcyXkEyXkFqcGdeQXVyNjU0OTQ0OTY@._V1_UX45_CR0,0,45,67_AL_.jpg",8.6
tt0047478,Seven Samurai,"https://m.media-amazon.com/images/M/MV5BNWQ3OTM4ZGItMWEwZi00MjI5LWI3YzgtNTYwNWRkNmIzMGI5XkEyXkFqcGdeQXVyNDY2MTk1ODk@._V1_UY67_CR1,0,45,67_AL_.jpg",8.6
tt0102926,The Silence of the Lambs,"https://m.media-amazon.com/images/M/MV5BNjNhZTk0ZmEtNjJhMi00YzFlLWE1MmEtYzM1M2ZmMGMwMTU4XkEyXkFqcGdeQXVyNjU0OTQ0OTY@._V1_UY67_CR0,0,45,67_AL_.jpg",8.6
tt0407887,The Departed,"https://m.media-amazon.com/images/M/MV5BMTI1MTY2OTIxNV5BMl5BanBnXkFtZTYwNjQ4NjY3._V1_UY67_CR0,0,45,67_AL_.jpg",8.5
tt2582802,Whiplash,"https://m.media-amazon.com/images/M/MV5BOTA5NDZlZGUtMjAxOS00YTRkLTkwYmMtYWQ0NWEwZDZiNjEzXkEyXkFqcGdeQXVyMTMxODk2OTU@._V1_UY67_CR0,0,45,67_AL_.jpg",8.5
tt0482571,The Prestige,"https://m.media-amazon.com/images/M/MV5BMjA4NDI0MTIxNF5BMl5BanBnXkFtZTYwNTM0MzY2._V1_UY67_CR0,0,45,67_AL_.jpg",8.5
tt0034583,Casablanca,"https://m.media-amazon.com/images/M/MV5BY2IzZGY2YmEtYzljNS00NTM5LTgwMzUtMzM1NjQ4NGI0OTk0XkEyXkFqcGdeQXVyNDYyMDk5MTU@._V1_UX45_CR0,0,45,67_AL_.jpg",8.5
tt1675434,The Intouchables,"https://m.media-amazon.com/images/M/MV5BMTYxNDA3MDQwNl5BMl5BanBnXkFtZTcwNTU4Mzc1Nw@@._V1_UY67_CR0,0,45,67_AL_.jpg",8.5
tt0064116,Once Upon a Time in the West,"https://m.media-amazon.com/images/M/MV5BODQ3NDExOGYtMzI3Mi00NWRlLTkwNjAtNjc4MDgzZGJiZTA1XkEyXkFqcGdeQXVyMjUzOTY1NTc@._V1_UX45_CR0,0,45,67_AL_.jpg",8.4
tt0021749,City Lights,"https://m.media-amazon.com/images/M/MV5BY2I4MmM1N2EtM2YzOS00OWUzLTkzYzctNDc5NDg2N2IyODJmXkEyXkFqcGdeQXVyNzkwMjQ5NzM@._V1_UX45_CR0,0,45,67_AL_.jpg",8.4
tt0078788,Apocalypse Now,"https://m.media-amazon.com/images/M/MV5BYmQyNTA1ZGItNjZjMi00NzFlLWEzMWEtNWMwN2Q2MjJhYzEyXkEyXkFqcGdeQXVyMjUzOTY1NTc@._V1_UX45_CR0,0,45,67_AL_.jpg",8.4
tt0082971,Raiders of the Lost Ark,"https://m.media-amazon.com/images/M/MV5BNTU2ODkyY2MtMjU1NC00NjE1LWEzYjgtMWQ3MzRhMTE0NDc0XkEyXkFqcGdeQXVyMjM4MzQ4OTQ@._V1_UY67_CR0,0,45,67_AL_.jpg",8.4
tt0405094,The Lives of Others,"https://m.media-amazon.com/images/M/MV5BNmQyNmJjM2ItNTQzYi00ZjMxLWFjMDYtZjUyN2YwZDk5YWQ2XkEyXkFqcGdeQXVyMjUzOTY1NTc@._V1_UX45_CR0,0,45,67_AL_.jpg",8.4
tt0043014,Sunset Blvd.,"https://m.media-amazon.com/images/M/MV5BMTU0NTkyNzYwMF5BMl5BanBnXkFtZTgwMDU0NDk5MTI@._V1_UX45_CR0,0,45,67_AL_.jpg",8.4
tt0050825,Paths of Glory,"https://m.media-amazon.com/images/M/MV5BOTI5Nzc0OTMtYzBkMS00NjkxLThmM2UtNjM2ODgxN2M5NjNkXkEyXkFqcGdeQXVyNjQ2MjQ5NzM@._V1_UX45_CR0,0,45,67_AL_.jpg",8.4
tt0081505,The Shining,"https://m.media-amazon.com/images/M/MV5BZWFlYmY2MGEtZjVkYS00YzU4LTg0YjQtYzY1ZGE3NTA5NGQxXkEyXkFqcGdeQXVyMTQxNzMzNDI@._V1_UX45_CR0,0,45,67_AL_.jpg",8.4
tt0032553,The Great Dictator,"https://m.media-amazon.com/images/M/MV5BMmExYWJjNTktNGUyZS00ODhmLTkxYzAtNWIzOGEyMGNiMmUwXkEyXkFqcGdeQXVyNjU0OTQ0OTY@._V1_UY67_CR0,0,45,67_AL_.jpg",8.4
tt4154756,Avengers: Infinity War,"https://m.media-amazon.com/images/M/MV5BMjMxNjY2MDU1OV5BMl5BanBnXkFtZTgwNzY1MTUwNTM@._V1_UY67_CR0,0,45,67_AL_.jpg",8.4
tt0051201,Witness for the Prosecution,"https://m.media-amazon.com/images/M/MV5BNDQwODU5OWYtNDcyNi00MDQ1LThiOGMtZDkwNWJiM2Y3MDg0XkEyXkFqcGdeQXVyMDI2NDg0NQ@@._V1_UX45_CR0,0,45,67_AL_.jpg",8.4
tt0090605,Aliens,"https://m.media-amazon.com/images/M/MV5BOGJkY2EyOWYtYWRmNy00ZTEzLTllMDAtYzYzYjA0ZjFhZWJjXkEyXkFqcGdeQXVyMTUzMDUzNTI3._V1_UX45_CR0,0,45,67_AL_.jpg",8.3
tt0169547,American Beauty,"https://m.media-amazon.com/images/M/MV5BNTBmZWJkNjctNDhiNC00MGE2LWEwOTctZTk5OGVhMWMyNmVhXkEyXkFqcGdeQXVyMTMxODk2OTU@._V1_UY67_CR0,0,45,67_AL_.jpg",8.3
tt0057012,Dr. Strangelove or: How I Learned to Stop Worrying and Love the Bomb,"https://m.media-amazon.com/images/M/MV5BZWI3ZTMxNjctMjdlNS00NmUwLWFiM2YtZDUyY2I3N2MxYTE0XkEyXkFqcGdeQXVyNzkwMjQ5NzM@._V1_UX45_CR0,0,45,67_AL_.jpg",8.3
tt1345836,The Dark Knight Rises,"https://m.media-amazon.com/images/M/MV5BMTk4ODQzNDY3Ml5BMl5BanBnXkFtZTcwODA0NTM4Nw@@._V1_UY67_CR0,0,45,67_AL_.jpg",8.3
tt0361748,Inglourious Basterds,"https://m.media-amazon.com/images/M/MV5BOTJiNDEzOWYtMTVjOC00ZjlmLWE0NGMtZmE1OWVmZDQ2OWJhXkEyXkFqcGdeQXVyNTIzOTk5ODM@._V1_UY67_CR0,0,45,67_AL_.jpg",8.3
tt0112573,Braveheart,"https://m.media-amazon.com/images/M/MV5BMzkzMmU0YTYtOWM3My00YzBmLWI0YzctOGYyNTkwMWE5MTJkXkEyXkFqcGdeQXVyNzkwMjQ5NzM@._V1_UY67_CR0,0,45,67_AL_.jpg",8.3
tt7286456,Joker,"https://m.media-amazon.com/images/M/MV5BNGVjNWI4ZGUtNzE0MS00YTJmLWE0ZDctN2ZiYTk2YmI3NTYyXkEyXkFqcGdeQXVyMTkxNjUyNQ@@._V1_UY67_CR0,0,45,67_AL_.jpg",8.3
tt0082096,Das Boot,"https://m.media-amazon.com/images/M/MV5BNDBjMWUxNTUtNjZiNi00YzJhLTgzNzUtMTRiY2FkZmMzYTNjXkEyXkFqcGdeQXVyMTUzMDUzNTI3._V1_UX45_CR0,0,45,67_AL_.jpg",8.3
tt4154796,Avengers: Endgame,"https://m.media-amazon.com/images/M/MV5BMTc5MDE2ODcwNV5BMl5BanBnXkFtZTgwMzI2NzQ2NzM@._V1_UY67_CR0,0,45,67_AL_.jpg",8.3
tt0119217,Good Will Hunting,"https://m.media-amazon.com/images/M/MV5BOTI0MzcxMTYtZDVkMy00NjY1LTgyMTYtZmUxN2M3NmQ2NWJhXkEyXkFqcGdeQXVyMTQxNzMzNDI@._V1_UX45_CR0,0,45,67_AL_.jpg",8.3
tt0087843,Once Upon a Time in America,"https://m.media-amazon.com/images/M/MV5BMGFkNWI4MTMtNGQ0OC00MWVmLTk3MTktOGYxN2Y2YWVkZWE2XkEyXkFqcGdeQXVyNjU0OTQ0OTY@._V1_UX45_CR0,0,45,67_AL_.jpg",8.3
tt1187043,3 Idiots,"https://m.media-amazon.com/images/M/MV5BNTkyOGVjMGEtNmQzZi00NzFlLTlhOWQtODYyMDc2ZGJmYzFhXkEyXkFqcGdeQXVyNjU0OTQ0OTY@._V1_UY67_CR1,0,45,67_AL_.jpg",8.3
tt0045152,Singin' in the Rain,"https://m.media-amazon.com/images/M/MV5BZDRjNGViMjQtOThlMi00MTA3LThkYzQtNzJkYjBkMGE0YzE1XkEyXkFqcGdeQXVyNDYyMDk5MTU@._V1_UY67_CR0,0,45,67_AL_.jpg",8.3
tt0180093,Requiem for a Dream,"https://m.media-amazon.com/images/M/MV5BOTdiNzJlOWUtNWMwNS00NmFlLWI0YTEtZmI3YjIzZWUyY2Y3XkEyXkFqcGdeQXVyNjU0OTQ0OTY@._V1_UX45_CR0,0,45,67_AL_.jpg",8.3
tt8267604,Capernaum,"https://m.media-amazon.com/images/M/MV5BMmExNzU2ZWMtYzUwYi00YmM2LTkxZTQtNmVhNjY0NTMyMWI2XkEyXkFqcGdeQXVyMTMxODk2OTU@._V1_UY67_CR0,0,45,67_AL_.jpg",8.3
tt0086190,Star Wars: Episode VI - Return of the Jedi,"https://m.media-amazon.com/images/M/MV5BOWZlMjFiYzgtMTUzNC00Y2IzLTk1NTMtZmNhMTczNTk0ODk1XkEyXkFqcGdeQXVyNTAyODkwOQ@@._V1_UX45_CR0,0,45,67_AL_.jpg",8.3
tt0062622,2001: A Space Odyssey,"https://m.media-amazon.com/images/M/MV5BMmNlYzRiNDctZWNhMi00MzI4LThkZTctMTUzMmZkMmFmNThmXkEyXkFqcGdeQXVyNzkwMjQ5NzM@._V1_UY67_CR0,0,45,67_AL_.jpg",8.3
tt0338013,Eternal Sunshine of the Spotless Mind,"https://m.media-amazon.com/images/M/MV5BMTY4NzcwODg3Nl5BMl5BanBnXkFtZTcwNTEwOTMyMw@@._V1_UY67_CR0,0,45,67_AL_.jpg",8.3
tt2106476,The Hunt,"https://m.media-amazon.com/images/M/MV5BMTg2NDg3ODg4NF5BMl5BanBnXkFtZTcwNzk3NTc3Nw@@._V1_UY67_CR1,0,45,67_AL_.jpg",8.3
tt0056172,Lawrence of Arabia,"https://m.media-amazon.com/images/M/MV5BYWY5ZjhjNGYtZmI2Ny00ODM0LWFkNzgtZmI1YzA2N2MxMzA0XkEyXkFqcGdeQXVyNjUwNzk3NDc@._V1_UY67_CR0,0,45,67_AL_.jpg",8.2
tt0022100,M,"https://m.media-amazon.com/images/M/MV5BODA4ODk3OTEzMF5BMl5BanBnXkFtZTgwMTQ2ODMwMzE@._V1_UX45_CR0,0,45,67_AL_.jpg",8.2
tt0044741,Ikiru,"https://m.media-amazon.com/images/M/MV5BZmM0NGY3Y2MtMTA1YS00YmQzLTk2YTctYWFhMDkzMDRjZWQzXkEyXkFqcGdeQXVyNTA4NzY1MzY@._V1_UX45_CR0,0,45,67_AL_.jpg",8.2
tt0053604,The Apartment,"https://m.media-amazon.com/images/M/MV5BNzkwODFjNzItMmMwNi00MTU5LWE2MzktM2M4ZDczZGM1MmViXkEyXkFqcGdeQXVyNDY2MTk1ODk@._V1_UX45_CR0,0,45,67_AL_.jpg",8.2
tt0052357,Vertigo,"https://m.media-amazon.com/images/M/MV5BYTE4ODEwZDUtNDFjOC00NjAxLWEzYTQtYTI1NGVmZmFlNjdiL2ltYWdlL2ltYWdlXkEyXkFqcGdeQXVyNjc1NTYyMjg@._V1_UX45_CR0,0,45,67_AL_.jpg",8.2
tt0211915,Amlie,"https://m.media-amazon.com/images/M/MV5BNDg4NjM1YjMtYmNhZC00MjM0LWFiZmYtNGY1YjA3MzZmODc5XkEyXkFqcGdeQXVyNDk3NzU2MTQ@._V1_UX45_CR0,0,45,67_AL_.jpg",8.2
tt0036775,Double Indemnity,"https://m.media-amazon.com/images/M/MV5BOTdlNjgyZGUtOTczYi00MDdhLTljZmMtYTEwZmRiOWFkYjRhXkEyXkFqcGdeQXVyNDY2MTk1ODk@._V1_UX45_CR0,0,45,67_AL_.jpg",8.2
tt0066921,A Clockwork Orange,"https://m.media-amazon.com/images/M/MV5BMTY3MjM1Mzc4N15BMl5BanBnXkFtZTgwODM0NzAxMDE@._V1_UY67_CR0,0,45,67_AL_.jpg",8.2
tt0093058,Full Metal Jacket,"https://m.media-amazon.com/images/M/MV5BNzkxODk0NjEtYjc4Mi00ZDI0LTgyYjEtYzc1NDkxY2YzYTgyXkEyXkFqcGdeQXVyNzkwMjQ5NzM@._V1_UX45_CR0,0,45,67_AL_.jpg",8.2
tt0086250,Scarface,"https://m.media-amazon.com/images/M/MV5BNjdjNGQ4NDEtNTEwYS00MTgxLTliYzQtYzE2ZDRiZjFhZmNlXkEyXkFqcGdeQXVyNjU0OTQ0OTY@._V1_UX45_CR0,0,45,67_AL_.jpg",8.2
tt8503618,Hamilton,"https://m.media-amazon.com/images/M/MV5BNjViNWRjYWEtZTI0NC00N2E3LTk0NGQtMjY4NTM3OGNkZjY0XkEyXkFqcGdeQXVyMjUxMTY3ODM@._V1_UY67_CR0,0,45,67_AL_.jpg",8.2
tt1255953,Incendies,"https://m.media-amazon.com/images/M/MV5BMWE3MGYzZjktY2Q5Mi00Y2NiLWIyYWUtMmIyNzA3YmZlMGFhXkEyXkFqcGdeQXVyMTMxODk2OTU@._V1_UX45_CR0,0,45,67_AL_.jpg",8.2
tt0056592,To Kill a Mockingbird,"https://m.media-amazon.com/images/M/MV5BNmVmYzcwNzMtMWM1NS00MWIyLThlMDEtYzUwZDgzODE1NmE2XkEyXkFqcGdeQXVyNzkwMjQ5NzM@._V1_UX45_CR0,0,45,67_AL_.jpg",8.2
tt0070735,The Sting,"https://m.media-amazon.com/images/M/MV5BNGU3NjQ4YTMtZGJjOS00YTQ3LThmNmItMTI5MDE2ODI3NzY3XkEyXkFqcGdeQXVyMjUzOTY1NTc@._V1_UX45_CR0,0,45,67_AL_.jpg",8.2
tt1832382,A Separation,"https://m.media-amazon.com/images/M/MV5BN2JmMjViMjMtZTM5Mi00ZGZkLTk5YzctZDg5MjFjZDE4NjNkXkEyXkFqcGdeQXVyMTMxODk2OTU@._V1_UY67_CR0,0,45,67_AL_.jpg",8.2
tt0017136,Metropolis,"https://m.media-amazon.com/images/M/MV5BMTg5YWIyMWUtZDY5My00Zjc1LTljOTctYmI0MWRmY2M2NmRkXkEyXkFqcGdeQXVyMTMxODk2OTU@._V1_UY67_CR0,0,45,67_AL_.jpg",8.2
tt0095016,Die Hard,"https://m.media-amazon.com/images/M/MV5BZjRlNDUxZjAtOGQ4OC00OTNlLTgxNmQtYTBmMDgwZmNmNjkxXkEyXkFqcGdeQXVyNzkwMjQ5NzM@._V1_UX45_CR0,0,45,67_AL_.jpg",8.2
tt0075314,Taxi Driver,"https://m.media-amazon.com/images/M/MV5BM2M1MmVhNDgtNmI0YS00ZDNmLTkyNjctNTJiYTQ2N2NmYzc2XkEyXkFqcGdeQXVyNzkwMjQ5NzM@._V1_UX45_CR0,0,45,67_AL_.jpg",8.2
tt0097576,Indiana Jones and the Last Crusade,"https://m.media-amazon.com/images/M/MV5BY2Q0ODg4ZmItNDZiYi00ZWY5LTg2NzctNmYwZjA5OThmNzE1XkEyXkFqcGdeQXVyMjM4MzQ4OTQ@._V1_UY67_CR0,0,45,67_AL_.jpg",8.2
tt0208092,Snatch,"https://m.media-amazon.com/images/M/MV5BMTA2NDYxOGYtYjU1Mi00Y2QzLTgxMTQtMWI1MGI0ZGQ5MmU4XkEyXkFqcGdeQXVyNDk3NzU2MTQ@._V1_UY67_CR0,0,45,67_AL_.jpg",8.2
tt0040522,Bicycle Thieves,"https://m.media-amazon.com/images/M/MV5BNmI1ODdjODctMDlmMC00ZWViLWI5MzYtYzRhNDdjYmM3MzFjXkEyXkFqcGdeQXVyMTMxODk2OTU@._V1_UY67_CR0,0,45,67_AL_.jpg",8.2
tt0986264,Like Stars on Earth,"https://m.media-amazon.com/images/M/MV5BMDhjZWViN2MtNzgxOS00NmI4LThiZDQtZDI3MzM4MDE4NTc0XkEyXkFqcGdeQXVyMTMxODk2OTU@._V1_UY67_CR1,0,45,67_AL_.jpg",8.2
tt8579674,1917,"https://m.media-amazon.com/images/M/MV5BOTdmNTFjNDEtNzg0My00ZjkxLTg1ZDAtZTdkMDc2ZmFiNWQ1XkEyXkFqcGdeQXVyNTAzNzgwNTg@._V1_UX45_CR0,0,45,67_AL_.jpg",8.2
tt1745960,Top Gun: Maverick,"https://m.media-amazon.com/images/M/MV5BZWYzOGEwNTgtNWU3NS00ZTQ0LWJkODUtMmVhMjIwMjA1ZmQwXkEyXkFqcGdeQXVyMjkwOTAyMDU@._V1_UY67_CR0,0,45,67_AL_.jpg",8.2
tt0363163,Downfall,"https://m.media-amazon.com/images/M/MV5BMTU0NTU5NTAyMl5BMl5BanBnXkFtZTYwNzYwMDg2._V1_UY67_CR0,0,45,67_AL_.jpg",8.2
tt5074352,Dangal,"https://m.media-amazon.com/images/M/MV5BMTQ4MzQzMzM2Nl5BMl5BanBnXkFtZTgwMTQ1NzU3MDI@._V1_UY67_CR1,0,45,67_AL_.jpg",8.2
tt0059578,For a Few Dollars More,"https://m.media-amazon.com/images/M/MV5BMzJlZTNkYjQtMTE1OS00YTJlLTgxNjItYzg4NTllODdkMzBiXkEyXkFqcGdeQXVyMjUzOTY1NTc@._V1_UX45_CR0,0,45,67_AL_.jpg",8.2
tt0372784,Batman Begins,"https://m.media-amazon.com/images/M/MV5BOTY4YjI2N2MtYmFlMC00ZjcyLTg3YjEtMDQyM2ZjYzQ5YWFkXkEyXkFqcGdeQXVyMTQxNzMzNDI@._V1_UY67_CR0,0,45,67_AL_.jpg",8.2
tt10272386,The Father,"https://m.media-amazon.com/images/M/MV5BZGJhNWRiOWQtMjI4OS00ZjcxLTgwMTAtMzQ2ODkxY2JkOTVlXkEyXkFqcGdeQXVyMTkxNjUyNQ@@._V1_UY67_CR0,0,45,67_AL_.jpg",8.2
tt0042192,All About Eve,"https://m.media-amazon.com/images/M/MV5BMTY2MTAzODI5NV5BMl5BanBnXkFtZTgwMjM4NzQ0MjE@._V1_UX45_CR0,0,45,67_AL_.jpg",8.2
tt0993846,The Wolf of Wall Street,"https://m.media-amazon.com/images/M/MV5BMjIxMjgxNTk0MF5BMl5BanBnXkFtZTgwNjIyOTg2MDE@._V1_UY67_CR0,0,45,67_AL_.jpg",8.2
tt6966692,Green Book,"https://m.media-amazon.com/images/M/MV5BYzIzYmJlYTYtNGNiYy00N2EwLTk4ZjItMGYyZTJiOTVkM2RlXkEyXkFqcGdeQXVyODY1NDk1NjE@._V1_UX45_CR0,0,45,67_AL_.jpg",8.2
tt0055031,Judgment at Nuremberg,"https://m.media-amazon.com/images/M/MV5BNDc2ODQ5NTE2MV5BMl5BanBnXkFtZTcwODExMjUyNA@@._V1_UX45_CR0,0,45,67_AL_.jpg",8.2
tt0089881,Ran,"https://m.media-amazon.com/images/M/MV5BMmU1NGYwZWYtOWExNi00ZTEyLTgwMmUtM2ZlMDVjNWM4YjVlXkEyXkFqcGdeQXVyMjUzOTY1NTc@._V1_UX45_CR0,0,45,67_AL_.jpg",8.2
tt0112641,Casino,"https://m.media-amazon.com/images/M/MV5BMTcxOWYzNDYtYmM4YS00N2NkLTk0NTAtNjg1ODgwZjAxYzI3XkEyXkFqcGdeQXVyNTA4NzY1MzY@._V1_UX45_CR0,0,45,67_AL_.jpg",8.2
tt0120382,The Truman Show,"https://m.media-amazon.com/images/M/MV5BMDIzODcyY2EtMmY2MC00ZWVlLTgwMzAtMjQwOWUyNmJjNTYyXkEyXkFqcGdeQXVyNDk3NzU2MTQ@._V1_UY67_CR0,0,45,67_AL_.jpg",8.2
tt0469494,There Will Be Blood,"https://m.media-amazon.com/images/M/MV5BMjAxODQ4MDU5NV5BMl5BanBnXkFtZTcwMDU4MjU1MQ@@._V1_UY67_CR0,0,45,67_AL_.jpg",8.2
tt0457430,Pan's Labyrinth,"https://m.media-amazon.com/images/M/MV5BYzFjMThiMGItOWRlMC00MDI4LThmOGUtYTNlZGZiYWI1YjMyXkEyXkFqcGdeQXVyMjUzOTY1NTc@._V1_UX45_CR0,0,45,67_AL_.jpg",8.2
tt0105695,Unforgiven,"https://m.media-amazon.com/images/M/MV5BODM3YWY4NmQtN2Y3Ni00OTg0LWFhZGQtZWE3ZWY4MTJlOWU4XkEyXkFqcGdeQXVyNjU0OTQ0OTY@._V1_UX45_CR0,0,45,67_AL_.jpg",8.2
tt0167404,The Sixth Sense,"https://m.media-amazon.com/images/M/MV5BMWM4NTFhYjctNzUyNi00NGMwLTk3NTYtMDIyNTZmMzRlYmQyXkEyXkFqcGdeQXVyMTAwMzUyOTc@._V1_UY67_CR0,0,45,67_AL_.jpg",8.2
tt1130884,Shutter Island,"https://m.media-amazon.com/images/M/MV5BYzhiNDkyNzktNTZmYS00ZTBkLTk2MDAtM2U0YjU1MzgxZjgzXkEyXkFqcGdeQXVyMTMxODk2OTU@._V1_UY67_CR0,0,45,67_AL_.jpg",8.2
tt0107290,Jurassic Park,"https://m.media-amazon.com/images/M/MV5BMjM2MDgxMDg0Nl5BMl5BanBnXkFtZTgwNTM2OTM5NDE@._V1_UX45_CR0,0,45,67_AL_.jpg",8.2
tt0268978,A Beautiful Mind,"https://m.media-amazon.com/images/M/MV5BMzcwYWFkYzktZjAzNC00OGY1LWI4YTgtNzc5MzVjMDVmNjY0XkEyXkFqcGdeQXVyMTQxNzMzNDI@._V1_UY67_CR0,0,45,67_AL_.jpg",8.2
tt0055630,Yojimbo,"https://m.media-amazon.com/images/M/MV5BZThiZjAzZjgtNDU3MC00YThhLThjYWUtZGRkYjc2ZWZlOTVjXkEyXkFqcGdeQXVyNTA4NzY1MzY@._V1_UX45_CR0,0,45,67_AL_.jpg",8.1
tt0040897,The Treasure of the Sierra Madre,"https://m.media-amazon.com/images/M/MV5BOTJlZWMxYzEtMjlkMS00ODE0LThlM2ItMDI3NGQ2YjhmMzkxXkEyXkFqcGdeQXVyMDI2NDg0NQ@@._V1_UX45_CR0,0,45,67_AL_.jpg",8.1
tt0071853,Monty Python and the Holy Grail,"https://m.media-amazon.com/images/M/MV5BN2IyNTE4YzUtZWU0Mi00MGIwLTgyMmQtMzQ4YzQxYWNlYWE2XkEyXkFqcGdeQXVyNjU0OTQ0OTY@._V1_UX45_CR0,0,45,67_AL_.jpg",8.1
tt0477348,No Country for Old Men,"https://m.media-amazon.com/images/M/MV5BMjA5Njk3MjM4OV5BMl5BanBnXkFtZTcwMTc5MTE1MQ@@._V1_UY67_CR0,0,45,67_AL_.jpg",8.1
tt0266697,Kill Bill: Vol. 1,"https://m.media-amazon.com/images/M/MV5BNzM3NDFhYTAtYmU5Mi00NGRmLTljYjgtMDkyODQ4MjNkMGY2XkEyXkFqcGdeQXVyNzkwMjQ5NzM@._V1_UX45_CR0,0,45,67_AL_.jpg",8.1
tt0057115,The Great Escape,"https://m.media-amazon.com/images/M/MV5BNzA2NmYxMWUtNzBlMC00MWM2LTkwNmQtYTFlZjQwODNhOWE0XkEyXkFqcGdeQXVyNTIzOTk5ODM@._V1_UX45_CR0,0,45,67_AL_.jpg",8.1
tt0042876,Rashomon,"https://m.media-amazon.com/images/M/MV5BMTk1MDU5MjQ5NF5BMl5BanBnXkFtZTgwMDM2OTE4MzE@._V1_UY67_CR1,0,45,67_AL_.jpg",8.1
tt0084787,The Thing,"https://m.media-amazon.com/images/M/MV5BNGViZWZmM2EtNGYzZi00ZDAyLTk3ODMtNzIyZTBjN2Y1NmM1XkEyXkFqcGdeQXVyNTAyODkwOQ@@._V1_UX45_CR0,0,45,67_AL_.jpg",8.1
tt10872600,Spider-Man: No Way Home,"https://m.media-amazon.com/images/M/MV5BZWMyYzFjYTYtNTRjYi00OGExLWE2YzgtOGRmYjAxZTU3NzBiXkEyXkFqcGdeQXVyMzQ0MzA0NTM@._V1_UY67_CR0,0,45,67_AL_.jpg",8.1
tt0071315,Chinatown,"https://m.media-amazon.com/images/M/MV5BMjJkMDZhYzItZTFhMi00ZGI4LThlNTAtZDNlYmEwNjFkNDYzXkEyXkFqcGdeQXVyMjUzOTY1NTc@._V1_UX45_CR0,0,45,67_AL_.jpg",8.1
tt0434409,V for Vendetta,"https://m.media-amazon.com/images/M/MV5BOTI5ODc3NzExNV5BMl5BanBnXkFtZTcwNzYxNzQzMw@@._V1_UY67_CR0,0,45,67_AL_.jpg",8.1
tt0031381,Gone with the Wind,"https://m.media-amazon.com/images/M/MV5BYjUyZWZkM2UtMzYxYy00ZmQ3LWFmZTQtOGE2YjBkNjA3YWZlXkEyXkFqcGdeQXVyNzkwMjQ5NzM@._V1_UX45_CR0,0,45,67_AL_.jpg",8.1
tt0046912,Dial M for Murder,"https://m.media-amazon.com/images/M/MV5BOWIwODIxYWItZDI4MS00YzhhLWE3MmYtMzlhZDIwOTMzZmE5L2ltYWdlXkEyXkFqcGdeQXVyNjc1NTYyMjg@._V1_UX45_CR0,0,45,67_AL_.jpg",8.1
tt0120735,"Lock, Stock and Two Smoking Barrels","https://m.media-amazon.com/images/M/MV5BMTAyN2JmZmEtNjAyMy00NzYwLThmY2MtYWQ3OGNhNjExMmM4XkEyXkFqcGdeQXVyNDk3NzU2MTQ@._V1_UX45_CR0,0,45,67_AL_.jpg",8.1
tt1305806,The Secret in Their Eyes,"https://m.media-amazon.com/images/M/MV5BY2FhZGI5M2QtZWFiZS00NjkwLWE4NWQtMzg3ZDZjNjdkYTJiXkEyXkFqcGdeQXVyMTMxODk2OTU@._V1_UY67_CR0,0,45,67_AL_.jpg",8.1
tt5027774,"Three Billboards Outside Ebbing, Missouri","https://m.media-amazon.com/images/M/MV5BMjI0ODcxNzM1N15BMl5BanBnXkFtZTgwMzIwMTEwNDI@._V1_UY67_CR0,0,45,67_AL_.jpg",8.1
tt0117951,Trainspotting,"https://m.media-amazon.com/images/M/MV5BMzA5Zjc3ZTMtMmU5YS00YTMwLWI4MWUtYTU0YTVmNjVmODZhXkEyXkFqcGdeQXVyNjU0OTQ0OTY@._V1_UY67_CR0,0,45,67_AL_.jpg",8.1
tt0050212,The Bridge on the River Kwai,"https://m.media-amazon.com/images/M/MV5BOGY5NmNlMmQtYzRlYy00NGQ5LWFkYjYtNzExZmQyMTg0ZDA0XkEyXkFqcGdeQXVyNDIzMzcwNjc@._V1_UX45_CR0,0,45,67_AL_.jpg",8.1
tt1392214,Prisoners,"https://m.media-amazon.com/images/M/MV5BMTg0NTIzMjQ1NV5BMl5BanBnXkFtZTcwNDc3MzM5OQ@@._V1_UY67_CR0,0,45,67_AL_.jpg",8.1
tt0116282,Fargo,"https://m.media-amazon.com/images/M/MV5BNDJiZDgyZjctYmRjMS00ZjdkLTkwMTEtNGU1NDg3NDQ0Yzk1XkEyXkFqcGdeQXVyNzkwMjQ5NzM@._V1_UY67_CR0,0,45,67_AL_.jpg",8.1
tt1291584,Warrior,"https://m.media-amazon.com/images/M/MV5BMTk4ODk5MTMyNV5BMl5BanBnXkFtZTcwMDMyNTg0Ng@@._V1_UX45_CR0,0,45,67_AL_.jpg",8.1
tt1205489,Gran Torino,"https://m.media-amazon.com/images/M/MV5BMTc5NTk2OTU1Nl5BMl5BanBnXkFtZTcwMDc3NjAwMg@@._V1_UY67_CR0,0,45,67_AL_.jpg",8.1
tt0264464,Catch Me If You Can,"https://m.media-amazon.com/images/M/MV5BMTY5MzYzNjc5NV5BMl5BanBnXkFtZTYwNTUyNTc2._V1_UY67_CR0,0,45,67_AL_.jpg",8.1
tt0405159,Million Dollar Baby,"https://m.media-amazon.com/images/M/MV5BMTkxNzA1NDQxOV5BMl5BanBnXkFtZTcwNTkyMTIzMw@@._V1_UY67_CR0,0,45,67_AL_.jpg",8.1
tt0118849,Children of Heaven,"https://m.media-amazon.com/images/M/MV5BZTYwZWQ4ZTQtZWU0MS00N2YwLWEzMDItZWFkZWY0MWVjODVhXkEyXkFqcGdeQXVyNjU0OTQ0OTY@._V1_UX45_CR0,0,45,67_AL_.jpg",8.1
tt0083658,Blade Runner,"https://m.media-amazon.com/images/M/MV5BNzQzMzJhZTEtOWM4NS00MTdhLTg0YjgtMjM4MDRkZjUwZDBlXkEyXkFqcGdeQXVyNjU0OTQ0OTY@._V1_UY67_CR0,0,45,67_AL_.jpg",8.1
tt0015864,The Gold Rush,"https://m.media-amazon.com/images/M/MV5BODI0NTFkMTItOTYyNC00MzQ4LTgzZWMtMzdhMDAyOWU5YjA5XkEyXkFqcGdeQXVyNzQ1ODk3MTQ@._V1_UY67_CR1,0,45,67_AL_.jpg",8.1
tt1201607,Harry Potter and the Deathly Hallows: Part 2,"https://m.media-amazon.com/images/M/MV5BMGVmMWNiMDktYjQ0Mi00MWIxLTk0N2UtN2ZlYTdkN2IzNDNlXkEyXkFqcGdeQXVyODE5NzE3OTE@._V1_UX45_CR0,0,45,67_AL_.jpg",8.1
tt2024544,12 Years a Slave,"https://m.media-amazon.com/images/M/MV5BMjExMTEzODkyN15BMl5BanBnXkFtZTcwNTU4NTc4OQ@@._V1_UY67_CR0,0,45,67_AL_.jpg",8.1
tt0052618,Ben-Hur,"https://m.media-amazon.com/images/M/MV5BNjgxY2JiZDYtZmMwOC00ZmJjLWJmODUtMTNmNWNmYWI5ODkwL2ltYWdlL2ltYWdlXkEyXkFqcGdeQXVyNjc1NTYyMjg@._V1_UX45_CR0,0,45,67_AL_.jpg",8.1
tt2267998,Gone Girl,"https://m.media-amazon.com/images/M/MV5BMTk0MDQ3MzAzOV5BMl5BanBnXkFtZTgwNzU1NzE3MjE@._V1_UY67_CR0,0,45,67_AL_.jpg",8.1
tt0050986,Wild Strawberries,"https://m.media-amazon.com/images/M/MV5BYWQxYzdhMDMtNjAyZC00NzE0LWFjYmQtYjk0YzMyYjA5NzZkXkEyXkFqcGdeQXVyMjUzOTY1NTc@._V1_UX45_CR0,0,45,67_AL_.jpg",8.1
tt0017925,The General,"https://m.media-amazon.com/images/M/MV5BYmRiMDFlYjYtOTMwYy00OGY2LWE0Y2QtYzQxOGNhZmUwNTIxXkEyXkFqcGdeQXVyNzkwMjQ5NzM@._V1_UY67_CR0,0,45,67_AL_.jpg",8.1
tt0072684,Barry Lyndon,"https://m.media-amazon.com/images/M/MV5BNmY0MWY2NDctZDdmMi00MjA1LTk0ZTQtZDMyZTQ1NTNlYzVjXkEyXkFqcGdeQXVyMjUzOTY1NTc@._V1_UX45_CR0,0,45,67_AL_.jpg",8.1
tt0107207,In the Name of the Father,"https://m.media-amazon.com/images/M/MV5BMmYyOTgwYWItYmU3Ny00M2E2LTk0NWMtMDVlNmQ0MWZiMTMxXkEyXkFqcGdeQXVyNzkwMjQ5NzM@._V1_UX45_CR0,0,45,67_AL_.jpg",8.1
tt10366206,John Wick: Chapter 4,"https://m.media-amazon.com/images/M/MV5BMDExZGMyOTMtMDgyYi00NGIwLWJhMTEtOTdkZGFjNmZiMTEwXkEyXkFqcGdeQXVyMjM4NTM5NDY@._V1_UY67_CR0,0,45,67_AL_.jpg",8.1
tt0077416,The Deer Hunter,"https://m.media-amazon.com/images/M/MV5BNDhmNTA0ZDMtYjhkNS00NzEzLWIzYTItOGNkMTVmYjE2YmI3XkEyXkFqcGdeQXVyNzkwMjQ5NzM@._V1_UY67_CR0,0,45,67_AL_.jpg",8.1
tt2119532,Hacksaw Ridge,"https://m.media-amazon.com/images/M/MV5BMjQ1NjM3MTUxNV5BMl5BanBnXkFtZTgwMDc5MTY5OTE@._V1_UX45_CR0,0,45,67_AL_.jpg",8.1
tt0046268,The Wages of Fear,"https://m.media-amazon.com/images/M/MV5BZDdkNzMwZmUtY2Q5MS00ZmM2LWJhYjItYTBjMWY0MGM4MDRjXkEyXkFqcGdeQXVyNTA4NzY1MzY@._V1_UY67_CR0,0,45,67_AL_.jpg",8.1
tt0353969,Memories of Murder,"https://m.media-amazon.com/images/M/MV5BOGViNTg4YTktYTQ2Ni00MTU0LTk2NWUtMTI4OTc1YTM0NzQ2XkEyXkFqcGdeQXVyMDM2NDM2MQ@@._V1_UY67_CR0,0,45,67_AL_.jpg",8.1
tt3011894,Wild Tales,"https://m.media-amazon.com/images/M/MV5BNGQzY2Y0MTgtMDA4OC00NjM3LWI0ZGQtNTJlM2UxZDQxZjI0XkEyXkFqcGdeQXVyNDUzOTQ5MjY@._V1_UY67_CR1,0,45,67_AL_.jpg",8.1
tt0015324,Sherlock Jr.,"https://m.media-amazon.com/images/M/MV5BZWFhOGU5NDctY2Q3YS00Y2VlLWI1NzEtZmIwY2ZiZjY4OTA2XkEyXkFqcGdeQXVyMDI2NDg0NQ@@._V1_UX45_CR0,0,45,67_AL_.jpg",8.1
tt0031679,Mr. Smith Goes to Washington,"https://m.media-amazon.com/images/M/MV5BZTYwYjYxYzgtMDE1Ni00NzU4LWJlMTEtODQ5YmJmMGJhZjI5L2ltYWdlXkEyXkFqcGdeQXVyMDI2NDg0NQ@@._V1_UX45_CR0,0,45,67_AL_.jpg",8.1
tt0097165,Dead Poets Society,"https://m.media-amazon.com/images/M/MV5BOGYwYWNjMzgtNGU4ZC00NWQ2LWEwZjUtMzE1Zjc3NjY3YTU1XkEyXkFqcGdeQXVyMTQxNzMzNDI@._V1_UY67_CR0,0,45,67_AL_.jpg",8.1
tt0073195,Jaws,"https://m.media-amazon.com/images/M/MV5BMmVmODY1MzEtYTMwZC00MzNhLWFkNDMtZjAwM2EwODUxZTA5XkEyXkFqcGdeQXVyNTAyODkwOQ@@._V1_UX45_CR0,0,45,67_AL_.jpg",8.1
tt0118715,The Big Lebowski,"https://m.media-amazon.com/images/M/MV5BMTQ0NjUzMDMyOF5BMl5BanBnXkFtZTgwODA1OTU0MDE@._V1_UX45_CR0,0,45,67_AL_.jpg",8.1
tt0046438,Tokyo Story,"https://m.media-amazon.com/images/M/MV5BYWQ4ZTRiODktNjAzZC00Nzg1LTk1YWQtNDFmNDI0NmZiNGIwXkEyXkFqcGdeQXVyNzkwMjQ5NzM@._V1_UY67_CR0,0,45,67_AL_.jpg",8.1
tt0019254,The Passion of Joan of Arc,"https://m.media-amazon.com/images/M/MV5BNjBjNDJiYTUtOWY0OS00OGVmLTg2YzctMTE0NzVhODM1ZWJmXkEyXkFqcGdeQXVyNjU0OTQ0OTY@._V1_UX45_CR0,0,45,67_AL_.jpg",8.1
tt0395169,Hotel Rwanda,"https://m.media-amazon.com/images/M/MV5BZGJjYmIzZmQtNWE4Yy00ZGVmLWJkZGEtMzUzNmQ4ZWFlMjRhXkEyXkFqcGdeQXVyMTMxODk2OTU@._V1_UY67_CR0,0,45,67_AL_.jpg",8.0
tt0075148,Rocky,"https://m.media-amazon.com/images/M/MV5BNTBkMjg2MjYtYTZjOS00ODQ0LTg0MDEtM2FiNmJmOGU1NGEwXkEyXkFqcGdeQXVyMjUzOTY1NTc@._V1_UX45_CR0,0,45,67_AL_.jpg",8.0
tt0091763,Platoon,"https://m.media-amazon.com/images/M/MV5BMzRjZjdlMjQtODVkYS00N2YzLWJlYWYtMGVlN2E5MWEwMWQzXkEyXkFqcGdeQXVyMTQxNzMzNDI@._V1_UX45_CR0,0,45,67_AL_.jpg",8.0
tt3315342,Logan,"https://m.media-amazon.com/images/M/MV5BYzc5MTU4N2EtYTkyMi00NjdhLTg3NWEtMTY4OTEyMzJhZTAzXkEyXkFqcGdeQXVyNjc1NTYyMjg@._V1_UX45_CR0,0,45,67_AL_.jpg",8.0
tt0088247,The Terminator,"https://m.media-amazon.com/images/M/MV5BYTViNzMxZjEtZGEwNy00MDNiLWIzNGQtZDY2MjQ1OWViZjFmXkEyXkFqcGdeQXVyNzkwMjQ5NzM@._V1_UX45_CR0,0,45,67_AL_.jpg",8.0
tt0092005,Stand by Me,"https://m.media-amazon.com/images/M/MV5BODJmY2Y2OGQtMDg2My00N2Q3LWJmZTUtYTc2ODBjZDVlNDlhXkEyXkFqcGdeQXVyMTQxNzMzNDI@._V1_UX45_CR0,0,45,67_AL_.jpg",8.0
tt1979320,Rush,"https://m.media-amazon.com/images/M/MV5BOWEwODJmZDItYTNmZC00OGM4LThlNDktOTQzZjIzMGQxODA4XkEyXkFqcGdeQXVyNjU0OTQ0OTY@._V1_UY67_CR0,0,45,67_AL_.jpg",8.0
tt0758758,Into the Wild,"https://m.media-amazon.com/images/M/MV5BNjQ0ODlhMWUtNmUwMS00YjExLWI4MjQtNjVmMmE2Y2E0MGRmXkEyXkFqcGdeQXVyNDk3NzU2MTQ@._V1_UY67_CR0,0,45,67_AL_.jpg",8.0
tt0032138,The Wizard of Oz,"https://m.media-amazon.com/images/M/MV5BNjUyMTc4MDExMV5BMl5BanBnXkFtZTgwNDg0NDIwMjE@._V1_UX45_CR0,0,45,67_AL_.jpg",8.0
tt0036868,The Best Years of Our Lives,"https://m.media-amazon.com/images/M/MV5BY2RmNTRjYzctODI4Ni00MzQyLWEyNTAtNjU0N2JkMTNhNjJkXkEyXkFqcGdeQXVyNjU0OTQ0OTY@._V1_UX45_CR0,0,45,67_AL_.jpg",8.0
tt0070047,The Exorcist,"https://m.media-amazon.com/images/M/MV5BYWFlZGY2NDktY2ZjOS00ZWNkLTg0ZDAtZDY4MTM1ODU4ZjljXkEyXkFqcGdeQXVyMjUzOTY1NTc@._V1_UX45_CR0,0,45,67_AL_.jpg",8.0
tt0107048,Groundhog Day,"https://m.media-amazon.com/images/M/MV5BZWIxNzM5YzQtY2FmMS00Yjc3LWI1ZjUtNGVjMjMzZTIxZTIxXkEyXkFqcGdeQXVyNjU0OTQ0OTY@._V1_UY67_CR0,0,45,67_AL_.jpg",8.0
tt0035446,To Be or Not to Be,"https://m.media-amazon.com/images/M/MV5BMGY3ZDgzY2MtNTllNi00ZWI1LTk1NTUtNWEzN2Q4YTA1ZGZiXkEyXkFqcGdeQXVyNzI1NzMxNzM@._V1_UY67_CR0,0,45,67_AL_.jpg",8.0
tt0325980,Pirates of the Caribbean: The Curse of the Black Pearl,"https://m.media-amazon.com/images/M/MV5BNGYyZGM5MGMtYTY2Ni00M2Y1LWIzNjQtYWUzM2VlNGVhMDNhXkEyXkFqcGdeQXVyMTMxODk2OTU@._V1_UX45_CR0,0,45,67_AL_.jpg",8.0
tt1028532,Hachi: A Dog's Tale,"https://m.media-amazon.com/images/M/MV5BNzE4NDg5OWMtMzg3NC00ZDRjLTllMDMtZTRjNWZmNjBmMGZlXkEyXkFqcGdeQXVyMTMxODk2OTU@._V1_UY67_CR1,0,45,67_AL_.jpg",8.0
tt0058946,The Battle of Algiers,"https://m.media-amazon.com/images/M/MV5BN2M4YTA4ZTEtN2EyNy00YTlmLWE4YzYtYjYyYjRkMWM4ZDM0XkEyXkFqcGdeQXVyMjUzOTY1NTc@._V1_UX45_CR0,0,45,67_AL_.jpg",8.0
tt0048473,Pather Panchali,"https://m.media-amazon.com/images/M/MV5BMmFkNDY5OTktNzY3Yy00OTFlLThhNjktOTRhMmZjZmIxYjAxXkEyXkFqcGdeQXVyNTgyNTA4MjM@._V1_UX45_CR0,0,45,67_AL_.jpg",8.0
tt0032551,The Grapes of Wrath,"https://m.media-amazon.com/images/M/MV5BNzJiOGI2MjctYjUyMS00ZjkzLWE2ZmUtOTg4NTZkOTNhZDc1L2ltYWdlXkEyXkFqcGdeQXVyNjc1NTYyMjg@._V1_UY67_CR0,0,45,67_AL_.jpg",8.0
tt0476735,My Father and My Son,"https://m.media-amazon.com/images/M/MV5BNjAzMzEwYzctNjc1MC00Nzg5LWFmMGItMTgzYmMyNTY2OTQ4XkEyXkFqcGdeQXVyNjU0OTQ0OTY@._V1_UY67_CR0,0,45,67_AL_.jpg",8.0
tt15097216,Jai Bhim,"https://m.media-amazon.com/images/M/MV5BNzFkM2FhMzQtYjUwZi00N2Y3LWFkZWItMmZmMjQxNGQwZmNhXkEyXkFqcGdeQXVyODEyNjEwMDk@._V1_UY67_CR4,0,45,67_AL_.jpg",8.0
tt0032976,Rebecca,"https://m.media-amazon.com/images/M/MV5BYTcxYWExOTMtMWFmYy00ZjgzLWI0YjktNWEzYzJkZTg0NDdmL2ltYWdlXkEyXkFqcGdeQXVyNjc1NTYyMjg@._V1_UY67_CR1,0,45,67_AL_.jpg",8.0
tt4016934,The Handmaiden,"https://m.media-amazon.com/images/M/MV5BNDJhYTk2MTctZmVmOS00OTViLTgxNjQtMzQxOTRiMDdmNGRjXkEyXkFqcGdeQXVyMTMxODk2OTU@._V1_UY67_CR1,0,45,67_AL_.jpg",8.0
tt0059742,The Sound of Music,"https://m.media-amazon.com/images/M/MV5BODIxNjhkYjEtYzUyMi00YTNjLWE1YjktNjAyY2I2MWNkNmNmL2ltYWdlL2ltYWdlXkEyXkFqcGdeQXVyMTQxNzMzNDI@._V1_UY67_CR1,0,45,67_AL_.jpg",8.0
tt0025316,It Happened One Night,"https://m.media-amazon.com/images/M/MV5BYzJmMWE5NjAtNWMyZS00NmFiLWIwMDgtZDE2NzczYWFhNzIzXkEyXkFqcGdeQXVyNjc1NTYyMjg@._V1_UX45_CR0,0,45,67_AL_.jpg",8.0
tt0053198,The 400 Blows,"https://m.media-amazon.com/images/M/MV5BYTQ4MjA4NmYtYjRhNi00MTEwLTg0NjgtNjk3ODJlZGU4NjRkL2ltYWdlL2ltYWdlXkEyXkFqcGdeQXVyNjU0OTQ0OTY@._V1_UY67_CR2,0,45,67_AL_.jpg",8.0
tt0060827,Persona,"https://m.media-amazon.com/images/M/MV5BYmFlOTcxMWUtZTMzMi00NWIyLTkwOTEtNjIxNmViNzc2Yzc1XkEyXkFqcGdeQXVyMjUzOTY1NTc@._V1_UX45_CR0,0,45,67_AL_.jpg",8.0
tt1454029,The Help,"https://m.media-amazon.com/images/M/MV5BMTM5OTMyMjIxOV5BMl5BanBnXkFtZTcwNzU4MjIwNQ@@._V1_UY67_CR0,0,45,67_AL_.jpg",8.0
tt0099348,Dances with Wolves,"https://m.media-amazon.com/images/M/MV5BMTY3OTI5NDczN15BMl5BanBnXkFtZTcwNDA0NDY3Mw@@._V1_UX45_CR0,0,45,67_AL_.jpg",8.0
tt0071411,Dersu Uzala,"https://m.media-amazon.com/images/M/MV5BM2MwZWNkZTktOWIxNS00ZWQ0LTg3ZDEtYTRlZDFmMWVjMjVmXkEyXkFqcGdeQXVyNjc5NjEzNA@@._V1_UX45_CR0,0,45,67_AL_.jpg",8.0
tt13345606,Evil Dead Rise,"https://m.media-amazon.com/images/M/MV5BMmZiN2VmMjktZDE5OC00ZWRmLWFlMmEtYWViMTY4NjM3ZmNkXkEyXkFqcGdeQXVyMTI2MTc2ODM3._V1_UY67_CR0,0,45,67_AL_.jpg",7.1
tt15326988,Ghosted,"https://m.media-amazon.com/images/M/MV5BNGMzYWZlYmYtNTcyMC00ZGVjLThjN2ItMjY4MjkwN2NlMjYwXkEyXkFqcGdeQXVyOTU0NjY1MDM@._V1_UX45_CR0,0,45,67_AL_.jpg",5.8
tt6718170,The Super Mario Bros. Movie,"https://m.media-amazon.com/images/M/MV5BOTJhNzlmNzctNTU5Yy00N2YwLThhMjQtZDM0YjEzN2Y0ZjNhXkEyXkFqcGdeQXVyMTEwMTQ4MzU5._V1_UY67_CR0,0,45,67_AL_.jpg",7.3
tt13521006,Beau Is Afraid,"https://m.media-amazon.com/images/M/MV5BYTNhNWRmMDctYzE4OS00MzczLWJkODgtNzYxZTQxM2Y1YmM3XkEyXkFqcGdeQXVyMTkxNjUyNQ@@._V1_UY67_CR0,0,45,67_AL_.jpg",7.2
tt17663992,Scream VI,"https://m.media-amazon.com/images/M/MV5BODBjM2M4YTQtNmJlMS00MGU2LWI4ZGYtZTA1MzdmZDAyMjFkXkEyXkFqcGdeQXVyODE5NzE3OTE@._V1_UY67_CR0,0,45,67_AL_.jpg",6.8
tt5635026,Peter Pan & Wendy,"https://m.media-amazon.com/images/M/MV5BZTIzNTQ0ZTYtZGIwOC00NzIxLWI0OWMtY2JlNTNiOTM1MWZhXkEyXkFqcGdeQXVyMDM2NDM2MQ@@._V1_UY67_CR0,0,45,67_AL_.jpg",4.2
tt4873118,The Covenant,"https://m.media-amazon.com/images/M/MV5BNmQzOWZhOTMtZTcxNC00MTdkLWEwYmUtOWVmOTFhNTdkNjRkXkEyXkFqcGdeQXVyODk2NDQ3MTA@._V1_UY67_CR0,0,45,67_AL_.jpg",8.0
tt2906216,Dungeons & Dragons: Honor Among Thieves,"https://m.media-amazon.com/images/M/MV5BNmFkN2M2NzItOTY5YS00MmE2LTk3ZjctNTk2YzQ5ZmRiYzJjXkEyXkFqcGdeQXVyMjkwOTAyMDU@._V1_UX45_CR0,0,45,67_AL_.jpg",7.5
tt15767808,The Last Kingdom: Seven Kings Must Die,"https://m.media-amazon.com/images/M/MV5BOTlmNGE0ZGMtMzdkMC00MjQyLWI1ZjgtZTIxODAyNWJlZDFlXkEyXkFqcGdeQXVyNTQ4ODM2NjM@._V1_UY67_CR0,0,45,67_AL_.jpg",7.0
tt16419074,Air,"https://m.media-amazon.com/images/M/MV5BYmNlOTNlYjUtM2U3Yy00M2ZjLTkxZDQtN2NiNGZiZDI0ZjE3XkEyXkFqcGdeQXVyMTUzMTg2ODkz._V1_UY67_CR0,0,45,67_AL_.jpg",7.7
tt11358390,Renfield,"https://m.media-amazon.com/images/M/MV5BNDIwYjVjMDMtOGYxMy00ZTRiLWE0YzktMjIwYmNhOGE4NGQ4XkEyXkFqcGdeQXVyNjY1MTg4Mzc@._V1_UX45_CR0,0,45,67_AL_.jpg",6.6
tt1288558,Evil Dead,"https://m.media-amazon.com/images/M/MV5BYzk2ZTVhOWMtMWQxYS00OWQzLWFmY2QtODQ4NGFmNGQxZWVmXkEyXkFqcGdeQXVyNTIzOTk5ODM@._V1_UX45_CR0,0,45,67_AL_.jpg",6.5
tt14846026,Sisu,"https://m.media-amazon.com/images/M/MV5BMWYwMzNkOWEtNjA3YS00YjE5LTlkMjYtMmRjMjExNjA1NDM0XkEyXkFqcGdeQXVyMjM4NTM5NDY@._V1_UY67_CR0,0,45,67_AL_.jpg",7.3
tt1630029,Avatar: The Way of Water,"https://m.media-amazon.com/images/M/MV5BYjhiNjBlODctY2ZiOC00YjVlLWFlNzAtNTVhNzM1YjI1NzMxXkEyXkFqcGdeQXVyMjQxNTE1MDA@._V1_UY67_CR1,0,45,67_AL_.jpg",7.7
tt14209916,Cocaine Bear,"https://m.media-amazon.com/images/M/MV5BODAwZDQ5ZjEtZDI1My00MTFiLTg0ZjUtOGE2YTBkOTdjODFhXkEyXkFqcGdeQXVyODE5NzE3OTE@._V1_UY67_CR0,0,45,67_AL_.jpg",6.0
tt23219684,Mighty Morphin Power Rangers: Once & Always,"https://m.media-amazon.com/images/M/MV5BMTlmNzdiOWUtZmZiYi00ODkyLTk5ZGMtMTcwNzk1MmNjNjZiXkEyXkFqcGdeQXVyMTUzMTg2ODkz._V1_UY67_CR0,0,45,67_AL_.jpg",5.8
tt3679040,Kisi Ka Bhai Kisi Ki Jaan,"https://m.media-amazon.com/images/M/MV5BZjk0ZjlhNDctMzAwZC00ZTAyLTliZTItOTRiNjMzNTAxODY3XkEyXkFqcGdeQXVyODE5NzE3OTE@._V1_UY67_CR0,0,45,67_AL_.jpg",7.2
tt12193804,Whitney Houston: I Wanna Dance with Somebody,"https://m.media-amazon.com/images/M/MV5BODY5OGI0MzYtZTdkMi00NjU1LTkzYjAtNDA5M2ZlYjFlODgzXkEyXkFqcGdeQXVyODk4OTc3MTY@._V1_UY67_CR0,0,45,67_AL_.jpg",6.6
tt20115096,A Tourist's Guide to Love,"https://m.media-amazon.com/images/M/MV5BZDhkZGViOGMtMzk0OS00MTI5LWI1YjEtZGNmMmM0ZGU1M2FiXkEyXkFqcGdeQXVyMTUyMzg5NzM2._V1_UY67_CR1,0,45,67_AL_.jpg",5.7
tt9185206,"Are You There God? It's Me, Margaret.","https://m.media-amazon.com/images/M/MV5BNTBhNmM2ODgtNDI4My00MWM5LWIzYmYtYzQzNWViNzg5MmVlXkEyXkFqcGdeQXVyOTIxNTAyMzU@._V1_UX45_CR0,0,45,67_AL_.jpg",7.9
tt7985704,Operation Fortune: Ruse de guerre,"https://m.media-amazon.com/images/M/MV5BNjcxOTJhZTEtMWFiYi00NTkwLTlkMzktZDQwMGQ0ZjM3YWU2XkEyXkFqcGdeQXVyMTAxNzQ1NzI@._V1_UY67_CR0,0,45,67_AL_.jpg",6.3
tt16428256,Suzume,"https://m.media-amazon.com/images/M/MV5BNGVkNDc3NjUtNTY5ZS00ZmE0LWE3YzctMDk2OTRlNTdiZWQwXkEyXkFqcGdeQXVyMTU3NDg0OTgx._V1_UX45_CR0,0,45,67_AL_.jpg",7.8
tt13560574,X,"https://m.media-amazon.com/images/M/MV5BMTJiMmE5YWItOWZjYS00YTg0LWE0MTYtMzg2ZTY4YjNkNDEzXkEyXkFqcGdeQXVyMTAzMDg4NzU0._V1_UY67_CR4,0,45,67_AL_.jpg",6.6
tt10954984,Nope,"https://m.media-amazon.com/images/M/MV5BMGIyNTI3NWItNTJkOS00MGYyLWE4NjgtZDhjMWQ4Y2JkZTU5XkEyXkFqcGdeQXVyNjY1MTg4Mzc@._V1_UX45_CR0,0,45,67_AL_.jpg",6.8
tt11245972,Scream,"https://m.media-amazon.com/images/M/MV5BYjExYTcwYmYtMWY2Zi00MGJlLTk3YjUtZTU1Zjg4MDc0Y2FjXkEyXkFqcGdeQXVyODE5NzE3OTE@._V1_UY67_CR0,0,45,67_AL_.jpg",6.3
tt10640346,Babylon,"https://m.media-amazon.com/images/M/MV5BNjlkYjc4NGMtZjc3MS00NjQ3LTk4MmUtMTkwZGZjODE1ZDVlXkEyXkFqcGdeQXVyODk4OTc3MTY@._V1_UY67_CR0,0,45,67_AL_.jpg",7.2
tt13833688,The Whale,"https://m.media-amazon.com/images/M/MV5BZDQ4Njg4YTctNGZkYi00NWU1LWI4OTYtNmNjOWMyMjI1NWYzXkEyXkFqcGdeQXVyMTA3MDk2NDg2._V1_UY67_CR1,0,45,67_AL_.jpg",7.7
tt22695402,Hunger,"https://m.media-amazon.com/images/M/MV5BZWUwOWU2NmMtYzc2Zi00MTMyLTg2NTUtZGM4Nzg2MGQyOGJkXkEyXkFqcGdeQXVyMTMzNzIyNDc1._V1_UY67_CR0,0,45,67_AL_.jpg",6.6
tt7405458,A Man Called Otto,"https://m.media-amazon.com/images/M/MV5BNzg3OTEzMTgtYWU0OC00YTI0LWIxOTAtNmRkNTc0Nzg2YWU1XkEyXkFqcGdeQXVyNjY1MTg4Mzc@._V1_UY67_CR4,0,45,67_AL_.jpg",7.4
tt2911666,John Wick,"https://m.media-amazon.com/images/M/MV5BMTU2NjA1ODgzMF5BMl5BanBnXkFtZTgwMTM2MTI4MjE@._V1_UX45_CR0,0,45,67_AL_.jpg",7.4
tt12593682,Bullet Train,"https://m.media-amazon.com/images/M/MV5BMDU2ZmM2OTYtNzIxYy00NjM5LTliNGQtN2JmOWQzYTBmZWUzXkEyXkFqcGdeQXVyMTkxNjUyNQ@@._V1_UY67_CR0,0,45,67_AL_.jpg",7.3
tt7888964,Nobody,"https://m.media-amazon.com/images/M/MV5BMjM5YTRlZmUtZGVmYi00ZjE2LWIyNzAtOWVhMDk1MDdkYzhjXkEyXkFqcGdeQXVyMjMxOTE0ODA@._V1_UX45_CR0,0,45,67_AL_.jpg",7.4
tt7322224,Triangle of Sadness,"https://m.media-amazon.com/images/M/MV5BNDRiZjc0ZDMtMjhlYi00ZjAzLTg0MDQtZDI2NGEyYTBlN2M2XkEyXkFqcGdeQXVyMTA2MDU0NjM5._V1_UY67_CR0,0,45,67_AL_.jpg",7.3
tt14153080,A Good Person,"https://m.media-amazon.com/images/M/MV5BYzBkZGYyM2QtNzgwYy00NmZjLTk2ZTItYzY3ZTdjY2M0YmQwXkEyXkFqcGdeQXVyMjkwOTAyMDU@._V1_UY67_CR0,0,45,67_AL_.jpg",7.0
tt12672536,The Three Musketeers: D'Artagnan,"https://m.media-amazon.com/images/M/MV5BZGM1NjE5MzQtMmNiYy00ZWIxLWFiMGUtMzE1N2EzNzY0MjY0XkEyXkFqcGdeQXVyMTUzMTUxMzk1._V1_UY67_CR2,0,45,67_AL_.jpg",7.1
tt11145118,Creed III,"https://m.media-amazon.com/images/M/MV5BYWY1ZDY4MmQtYjhiYS00N2QwLTk1NzgtOWI2YzUwZThjNDYwXkEyXkFqcGdeQXVyMDM2NDM2MQ@@._V1_UY67_CR0,0,45,67_AL_.jpg",6.9
tt11813216,The Banshees of Inisherin,"https://m.media-amazon.com/images/M/MV5BM2NlZDI0ZDktNTg5OS00ZjQ1LWI4MDEtN2I0MDE5NWRiNzA4XkEyXkFqcGdeQXVyMTY5Nzc4MDY@._V1_UX45_CR0,0,45,67_AL_.jpg",7.7
tt14687418,The Tank,"https://m.media-amazon.com/images/M/MV5BOWViZWFlMzgtN2ZjYi00NjIzLWI4MjAtZTE5YWY2ZGRjN2U4XkEyXkFqcGdeQXVyMTQzNTA5MzYz._V1_UY67_CR0,0,45,67_AL_.jpg",4.6
tt10365998,Infinity Pool,"https://m.media-amazon.com/images/M/MV5BZDQxZTY0ZDItY2Y0Yy00OTIzLTkwYTgtNmNkODhiYTk4MzUwXkEyXkFqcGdeQXVyODE5NzE3OTE@._V1_UY67_CR0,0,45,67_AL_.jpg",6.1
tt8772262,Midsommar,"https://m.media-amazon.com/images/M/MV5BMzQxNzQzOTQwM15BMl5BanBnXkFtZTgwMDQ2NTcwODM@._V1_UY67_CR0,0,45,67_AL_.jpg",7.1
tt0108255,Super Mario Bros.,"https://m.media-amazon.com/images/M/MV5BZGVmZTUyZDAtYjg0MC00NmE5LWE2OTAtM2FjNGI1NWUyMzE0XkEyXkFqcGdeQXVyNjMwMjk0MTQ@._V1_UY67_CR0,0,45,67_AL_.jpg",4.1
tt1160419,Dune,"https://m.media-amazon.com/images/M/MV5BN2FjNmEyNWMtYzM0ZS00NjIyLTg5YzYtYThlMGVjNzE1OGViXkEyXkFqcGdeQXVyMTkxNjUyNQ@@._V1_UY67_CR0,0,45,67_AL_.jpg",8.0
tt0094964,Dead Ringers,"https://m.media-amazon.com/images/M/MV5BYTY4MTVhZGEtNGUyMS00Y2ZhLTlmN2EtMWI1YTYxMGYyN2I1XkEyXkFqcGdeQXVyMTAwMzUyOTc@._V1_UX45_CR0,0,45,67_AL_.jpg",7.2
tt19623240,Winnie the Pooh: Blood and Honey,"https://m.media-amazon.com/images/M/MV5BZDUwNDY1M2QtYmI2Zi00NmFmLTkzNzMtOTg4ODgxYmY5N2I2XkEyXkFqcGdeQXVyOTQzOTE5NTY@._V1_UY67_CR1,0,45,67_AL_.jpg",3.0
tt15679400,Knock at the Cabin,"https://m.media-amazon.com/images/M/MV5BZDA0MzcxZTgtMTAzZC00MGJkLTg3YzItZjMzNjkwOTVlODNlXkEyXkFqcGdeQXVyMTA3MDk2NDg2._V1_UX45_CR0,0,45,67_AL_.jpg",6.1
tt11291274,The Unbearable Weight of Massive Talent,"https://m.media-amazon.com/images/M/MV5BNDM2ODNiMWItOWRkNS00ODE3LWE2OGYtNTZkMDJkOWI1ODMxXkEyXkFqcGdeQXVyMjMxOTE0ODA@._V1_UY67_CR0,0,45,67_AL_.jpg",7.0
tt8760708,M3GAN,"https://m.media-amazon.com/images/M/MV5BMDk4MTdhYzEtODk3OS00ZDBjLWFhNTQtMDI2ODdjNzQzZTA3XkEyXkFqcGdeQXVyMjMxOTE0ODA@._V1_UX45_CR0,0,45,67_AL_.jpg",6.4
tt14109724,Ticket to Paradise,"https://m.media-amazon.com/images/M/MV5BMWE0MmEwMWUtZjRjOC00YzE3LWI2MjctNjc3NWQ0YTVmNDQ4XkEyXkFqcGdeQXVyODk4OTc3MTY@._V1_UX45_CR0,0,45,67_AL_.jpg",6.1
tt1392170,The Hunger Games,"https://m.media-amazon.com/images/M/MV5BMjA4NDg3NzYxMF5BMl5BanBnXkFtZTcwNTgyNzkyNw@@._V1_UY67_CR0,0,45,67_AL_.jpg",7.2
tt15474916,Smile,"https://m.media-amazon.com/images/M/MV5BZjE2ZWIwMWEtNGFlMy00ZjYzLWEzOWEtYzQ0MDAwZDRhYzNjXkEyXkFqcGdeQXVyMTUzMTg2ODkz._V1_UY67_CR0,0,45,67_AL_.jpg",6.5
tt17219484,Clock,"https://m.media-amazon.com/images/M/MV5BYWM4NzgyYjAtMjRjZS00Y2Y1LWEwOWItZTUzYmYyYmU2YjVhXkEyXkFqcGdeQXVyNjUxMjc1OTM@._V1_UY67_CR11,0,45,67_AL_.jpg",5.1
tt1758810,The Snowman,"https://m.media-amazon.com/images/M/MV5BNDg1NjYyMTEyOF5BMl5BanBnXkFtZTgwNzY4MDMyMzI@._V1_UY67_CR0,0,45,67_AL_.jpg",5.1
tt12758486,Chevalier,"https://m.media-amazon.com/images/M/MV5BNDU5OTBhNzEtYjllNS00Y2RkLWEzYTgtOTRmMGZhOTYyYmMwXkEyXkFqcGdeQXVyODk4OTc3MTY@._V1_UY67_CR0,0,45,67_AL_.jpg",6.7
tt2015381,Guardians of the Galaxy,"https://m.media-amazon.com/images/M/MV5BNDIzMTk4NDYtMjg5OS00ZGI0LWJhZDYtMzdmZGY1YWU5ZGNkXkEyXkFqcGdeQXVyMTI5NzUyMTIz._V1_UY67_CR0,0,45,67_AL_.jpg",8.0
tt0117571,Scream,"https://m.media-amazon.com/images/M/MV5BMjA2NjU5MTg5OF5BMl5BanBnXkFtZTgwOTkyMzQxMDE@._V1_UY67_CR0,0,45,67_AL_.jpg",7.4
tt1649418,The Gray Man,"https://m.media-amazon.com/images/M/MV5BOWY4MmFiY2QtMzE1YS00NTg1LWIwOTQtYTI4ZGUzNWIxNTVmXkEyXkFqcGdeQXVyODk4OTc3MTY@._V1_UY67_CR0,0,45,67_AL_.jpg",6.5
